,budget,genre,id,imdb_id,overview,original_title,popularity,revenue,release_date,title,year,is_winner
444,4000000,Drama,376867,tt4975722,"The tender, heartbreaking story of a young man?€?s struggle to find himself, told across three defining chapters in his life as he experiences the ecstasy, pain, and beauty of falling in love, while grappling with his own sexuality.",Moonlight,14.171675,65046687,10/21/2016,Moonlight,2016,TRUE
546,20000000,Drama,314365,tt1895587,"The true story of how The Boston Globe uncovered the massive scandal of child abuse and the cover-up within the local Catholic Archdiocese, shaking the entire Catholic Church to its core.",Spotlight,14.63239,88346473,11/6/2015,Spotlight,2015,TRUE
547,20000000,Thriller,314365,tt1895587,"The true story of how The Boston Globe uncovered the massive scandal of child abuse and the cover-up within the local Catholic Archdiocese, shaking the entire Catholic Church to its core.",Spotlight,14.63239,88346473,11/6/2015,Spotlight,2015,TRUE
548,20000000,History,314365,tt1895587,"The true story of how The Boston Globe uncovered the massive scandal of child abuse and the cover-up within the local Catholic Archdiocese, shaking the entire Catholic Church to its core.",Spotlight,14.63239,88346473,11/6/2015,Spotlight,2015,TRUE
1,20000000,Drama,76203,tt2024544,"In the pre-Civil War United States, Solomon Northup, a free black man from upstate New York, is abducted and sold into slavery. Facing cruelty as well as unexpected kindnesses Solomon struggles not only to stay alive, but to retain his dignity. In the twelfth year of his unforgettable odyssey, Solomon?€?s chance meeting with a Canadian abolitionist will forever alter his life.",12 Years a Slave,30.316249,1.87E+08,10/18/2013,12 Years a Slave,2013,TRUE
2,20000000,History,76203,tt2024544,"In the pre-Civil War United States, Solomon Northup, a free black man from upstate New York, is abducted and sold into slavery. Facing cruelty as well as unexpected kindnesses Solomon struggles not only to stay alive, but to retain his dignity. In the twelfth year of his unforgettable odyssey, Solomon?€?s chance meeting with a Canadian abolitionist will forever alter his life.",12 Years a Slave,30.316249,1.87E+08,10/18/2013,12 Years a Slave,2013,TRUE
69,44500000,Drama,68734,tt1024648,"As the Iranian revolution reaches a boiling point, a CIA 'exfiltration' specialist concocts a risky plan to free six Americans who have found shelter at the home of the Canadian ambassador.",Argo,14.238234,232324128,10/11/2012,Argo,2012,TRUE
70,44500000,Thriller,68734,tt1024648,"As the Iranian revolution reaches a boiling point, a CIA 'exfiltration' specialist concocts a risky plan to free six Americans who have found shelter at the home of the Canadian ambassador.",Argo,14.238234,232324128,10/11/2012,Argo,2012,TRUE
563,15000000,Drama,74643,tt1655442,"Hollywood, 1927: As silent movie star George Valentin wonders if the arrival of talking pictures will cause him to fade into oblivion, he sparks with Peppy Miller, a young dancer set for a big break.",The Artist,11.440948,133432856,5/15/2011,The Artist,2011,TRUE
564,15000000,Comedy,74643,tt1655442,"Hollywood, 1927: As silent movie star George Valentin wonders if the arrival of talking pictures will cause him to fade into oblivion, he sparks with Peppy Miller, a young dancer set for a big break.",The Artist,11.440948,133432856,5/15/2011,The Artist,2011,TRUE
565,15000000,Romance,74643,tt1655442,"Hollywood, 1927: As silent movie star George Valentin wonders if the arrival of talking pictures will cause him to fade into oblivion, he sparks with Peppy Miller, a young dancer set for a big break.",The Artist,11.440948,133432856,5/15/2011,The Artist,2011,TRUE
646,15000000,Drama,45269,tt1504320,"The King's Speech tells the story of the man who became King George VI, the father of Queen Elizabeth II. After his brother abdicates, George ('Bertie') reluctantly assumes the throne. Plagued by a dreaded stutter and considered unfit to be king, Bertie engages the help of an unorthodox speech therapist named Lionel Logue. Through a set of unexpected techniques, and as a result of an unlikely friendship, Bertie is able to find his voice and boldly lead the country into war.",The King's Speech,11.260387,414211549,9/6/2010,The King's Speech,2010,TRUE
647,15000000,History,45269,tt1504320,"The King's Speech tells the story of the man who became King George VI, the father of Queen Elizabeth II. After his brother abdicates, George ('Bertie') reluctantly assumes the throne. Plagued by a dreaded stutter and considered unfit to be king, Bertie engages the help of an unorthodox speech therapist named Lionel Logue. Through a set of unexpected techniques, and as a result of an unlikely friendship, Bertie is able to find his voice and boldly lead the country into war.",The King's Speech,11.260387,414211549,9/6/2010,The King's Speech,2010,TRUE
632,15000000,Drama,12162,tt0887912,"Forced to play a dangerous game of cat-and-mouse in the chaos of war, an elite Army bomb squad unit must come together in a city where everyone is a potential enemy and every object could be a deadly bomb.",The Hurt Locker,9.403724,4.20E+07,10/10/2008,The Hurt Locker,2009,TRUE
633,15000000,Thriller,12162,tt0887912,"Forced to play a dangerous game of cat-and-mouse in the chaos of war, an elite Army bomb squad unit must come together in a city where everyone is a potential enemy and every object could be a deadly bomb.",The Hurt Locker,9.403724,4.20E+07,10/10/2008,The Hurt Locker,2009,TRUE
634,15000000,War,12162,tt0887912,"Forced to play a dangerous game of cat-and-mouse in the chaos of war, an elite Army bomb squad unit must come together in a city where everyone is a potential enemy and every object could be a deadly bomb.",The Hurt Locker,9.403724,4.20E+07,10/10/2008,The Hurt Locker,2009,TRUE
543,15000000,Drama,12405,tt1010048,"Jamal Malik is an impoverished Indian teen who becomes a contestant on the Hindi version of ?€?Who Wants to Be a Millionaire??€? but, after he wins, he is suspected of cheating.",Slumdog Millionaire,11.258181,377910544,5/12/2008,Slumdog Millionaire,2008,TRUE
544,15000000,Romance,12405,tt1010048,"Jamal Malik is an impoverished Indian teen who becomes a contestant on the Hindi version of ?€?Who Wants to Be a Millionaire??€? but, after he wins, he is suspected of cheating.",Slumdog Millionaire,11.258181,377910544,5/12/2008,Slumdog Millionaire,2008,TRUE
471,25000000,Crime,6977,tt0477348,"Llewelyn Moss stumbles upon dead bodies, $2 million and a hoard of heroin in a Texas desert, but methodical killer Anton Chigurh comes looking for it, with local sheriff Ed Tom Bell hot on his trail. The roles of prey and predator blur as the violent pursuit of money and justice collide.",No Country for Old Men,15.565484,171600000,11/8/2007,No Country for Old Men,2007,TRUE
472,25000000,Drama,6977,tt0477348,"Llewelyn Moss stumbles upon dead bodies, $2 million and a hoard of heroin in a Texas desert, but methodical killer Anton Chigurh comes looking for it, with local sheriff Ed Tom Bell hot on his trail. The roles of prey and predator blur as the violent pursuit of money and justice collide.",No Country for Old Men,15.565484,171600000,11/8/2007,No Country for Old Men,2007,TRUE
473,25000000,Thriller,6977,tt0477348,"Llewelyn Moss stumbles upon dead bodies, $2 million and a hoard of heroin in a Texas desert, but methodical killer Anton Chigurh comes looking for it, with local sheriff Ed Tom Bell hot on his trail. The roles of prey and predator blur as the violent pursuit of money and justice collide.",No Country for Old Men,15.565484,171600000,11/8/2007,No Country for Old Men,2007,TRUE
588,90000000,Drama,1422,tt0407887,"To take down South Boston's Irish Mafia, the police send in one of their own to infiltrate the underworld, not realizing the syndicate has done likewise. While an undercover cop curries favor with the mob kingpin, a career criminal rises through the police ranks. But both sides soon discover there's a mole among them.",The Departed,18.515448,289847354,10/5/2006,The Departed,2006,TRUE
589,90000000,Thriller,1422,tt0407887,"To take down South Boston's Irish Mafia, the police send in one of their own to infiltrate the underworld, not realizing the syndicate has done likewise. While an undercover cop curries favor with the mob kingpin, a career criminal rises through the police ranks. But both sides soon discover there's a mole among them.",The Departed,18.515448,289847354,10/5/2006,The Departed,2006,TRUE
590,90000000,Crime,1422,tt0407887,"To take down South Boston's Irish Mafia, the police send in one of their own to infiltrate the underworld, not realizing the syndicate has done likewise. While an undercover cop curries favor with the mob kingpin, a career criminal rises through the police ranks. But both sides soon discover there's a mole among them.",The Departed,18.515448,289847354,10/5/2006,The Departed,2006,TRUE
187,6500000,Drama,1640,tt0375679,"Los Angeles citizens with vastly separate lives collide in interweaving stories of race, loss and redemption.",Crash,9.785147,98410061,1/13/2004,Crash,2005,TRUE
430,30000000,Drama,70,tt0405159,"Despondent over a painful estrangement from his daughter, trainer Frankie Dunn isn't prepared for boxer Maggie Fitzgerald to enter his life. But Maggie's determined to go pro and to convince Dunn and his cohort to help her.",Million Dollar Baby,14.471373,216763646,12/15/2004,Million Dollar Baby,2004,TRUE
660,94000000,Adventure,122,tt0167260,"Aragorn is revealed as the heir to the ancient kings as he, Gandalf and the other members of the broken fellowship struggle to save Gondor from Sauron's forces. Meanwhile, Frodo and Sam bring the ring closer to the heart of Mordor, the dark lord's realm.",The Lord of the Rings: The Return of the King,29.324358,1118888979,12/1/2003,The Lord of the Rings: The Return of the King,2003,TRUE
661,94000000,Fantasy,122,tt0167260,"Aragorn is revealed as the heir to the ancient kings as he, Gandalf and the other members of the broken fellowship struggle to save Gondor from Sauron's forces. Meanwhile, Frodo and Sam bring the ring closer to the heart of Mordor, the dark lord's realm.",The Lord of the Rings: The Return of the King,29.324358,1118888979,12/1/2003,The Lord of the Rings: The Return of the King,2003,TRUE
662,94000000,Action,122,tt0167260,"Aragorn is revealed as the heir to the ancient kings as he, Gandalf and the other members of the broken fellowship struggle to save Gondor from Sauron's forces. Meanwhile, Frodo and Sam bring the ring closer to the heart of Mordor, the dark lord's realm.",The Lord of the Rings: The Return of the King,29.324358,1118888979,12/1/2003,The Lord of the Rings: The Return of the King,2003,TRUE
151,45000000,Action,1574,tt0299658,Murderesses Velma Kelly and Roxie Hart find themselves on death row together and fight for the fame that will keep them from the gallows in 1920s Chicago.,Chicago,13.325347,306776732,12/26/2002,Chicago,2002,TRUE
152,45000000,Comedy,1574,tt0299658,Murderesses Velma Kelly and Roxie Hart find themselves on death row together and fight for the fame that will keep them from the gallows in 1920s Chicago.,Chicago,13.325347,306776732,12/26/2002,Chicago,2002,TRUE
153,45000000,Crime,1574,tt0299658,Murderesses Velma Kelly and Roxie Hart find themselves on death row together and fight for the fame that will keep them from the gallows in 1920s Chicago.,Chicago,13.325347,306776732,12/26/2002,Chicago,2002,TRUE
154,45000000,Drama,1574,tt0299658,Murderesses Velma Kelly and Roxie Hart find themselves on death row together and fight for the fame that will keep them from the gallows in 1920s Chicago.,Chicago,13.325347,306776732,12/26/2002,Chicago,2002,TRUE
155,45000000,Music,1574,tt0299658,Murderesses Velma Kelly and Roxie Hart find themselves on death row together and fight for the fame that will keep them from the gallows in 1920s Chicago.,Chicago,13.325347,306776732,12/26/2002,Chicago,2002,TRUE
6,60000000,Drama,453,tt0268978,"At Princeton University, John Nash struggles to make a worthwhile contribution to serve as his legacy to the world of mathematics. He finally makes a revolutionary breakthrough that will eventually earn him the Nobel Prize. After graduate school he turns to teaching, becoming romantically involved with his student Alicia. Meanwhile the government asks his help with breaking Soviet codes, which soon gets him involved in a terrifying conspiracy plot. Nash grows more and more paranoid until a discovery that turns his entire world upside down. Now it is only with Alicia's help that he will be able to recover his mental strength and regain his status as the great mathematician we know him as today..",A Beautiful Mind,11.93646,313542341,12/11/2001,A Beautiful Mind,2001,TRUE
7,60000000,Romance,453,tt0268978,"At Princeton University, John Nash struggles to make a worthwhile contribution to serve as his legacy to the world of mathematics. He finally makes a revolutionary breakthrough that will eventually earn him the Nobel Prize. After graduate school he turns to teaching, becoming romantically involved with his student Alicia. Meanwhile the government asks his help with breaking Soviet codes, which soon gets him involved in a terrifying conspiracy plot. Nash grows more and more paranoid until a discovery that turns his entire world upside down. Now it is only with Alicia's help that he will be able to recover his mental strength and regain his status as the great mathematician we know him as today..",A Beautiful Mind,11.93646,313542341,12/11/2001,A Beautiful Mind,2001,TRUE
291,103000000,Action,98,tt0172495,"In the year 180, the death of emperor Marcus Aurelius throws the Roman Empire into chaos. Maximus is one of the Roman army's most capable and trusted generals and a key advisor to the emperor. As Marcus' devious son Commodus ascends to the throne, Maximus is set to be executed. He escapes, but is captured by slave traders. Renamed Spaniard and forced to become a gladiator, Maximus must battle to the death with other men for the amusement of paying audiences. His battle skills serve him well, and he becomes one of the most famous and admired men to fight in the Colosseum. Determined to avenge himself against the man who took away his freedom and laid waste to his family, Maximus believes that he can use his fame and skill in the ring to avenge the loss of his family and former glory. As the gladiator begins to challenge his rule, Commodus decides to put his own fighting mettle to the test by squaring off with Maximus in a battle to the death.",Gladiator,23.186667,457640427,5/1/2000,Gladiator,2000,TRUE
292,103000000,Drama,98,tt0172495,"In the year 180, the death of emperor Marcus Aurelius throws the Roman Empire into chaos. Maximus is one of the Roman army's most capable and trusted generals and a key advisor to the emperor. As Marcus' devious son Commodus ascends to the throne, Maximus is set to be executed. He escapes, but is captured by slave traders. Renamed Spaniard and forced to become a gladiator, Maximus must battle to the death with other men for the amusement of paying audiences. His battle skills serve him well, and he becomes one of the most famous and admired men to fight in the Colosseum. Determined to avenge himself against the man who took away his freedom and laid waste to his family, Maximus believes that he can use his fame and skill in the ring to avenge the loss of his family and former glory. As the gladiator begins to challenge his rule, Commodus decides to put his own fighting mettle to the test by squaring off with Maximus in a battle to the death.",Gladiator,23.186667,457640427,5/1/2000,Gladiator,2000,TRUE
293,103000000,Adventure,98,tt0172495,"In the year 180, the death of emperor Marcus Aurelius throws the Roman Empire into chaos. Maximus is one of the Roman army's most capable and trusted generals and a key advisor to the emperor. As Marcus' devious son Commodus ascends to the throne, Maximus is set to be executed. He escapes, but is captured by slave traders. Renamed Spaniard and forced to become a gladiator, Maximus must battle to the death with other men for the amusement of paying audiences. His battle skills serve him well, and he becomes one of the most famous and admired men to fight in the Colosseum. Determined to avenge himself against the man who took away his freedom and laid waste to his family, Maximus believes that he can use his fame and skill in the ring to avenge the loss of his family and former glory. As the gladiator begins to challenge his rule, Commodus decides to put his own fighting mettle to the test by squaring off with Maximus in a battle to the death.",Gladiator,23.186667,457640427,5/1/2000,Gladiator,2000,TRUE
46,15000000,Drama,14,tt0169547,"Lester Burnham, a depressed suburban father in a mid-life crisis, decides to turn his hectic life around after developing an infatuation with his daughter's attractive friend.",American Beauty,20.726578,356296601,9/15/1999,American Beauty,1999,TRUE
528,25000000,Romance,1934,tt0138097,"Young Shakespeare is forced to stage his latest comedy, ""Romeo and Ethel, the Pirate's Daughter,"" before it's even written. When a lovely noblewoman auditions for a role, they fall into forbidden love -- and his play finds a new life (and title). As their relationship progresses, Shakespeare's comedy soon transforms into tragedy.",Shakespeare in Love,13.813155,289317794,12/11/1998,Shakespeare in Love,1998,TRUE
529,25000000,History,1934,tt0138097,"Young Shakespeare is forced to stage his latest comedy, ""Romeo and Ethel, the Pirate's Daughter,"" before it's even written. When a lovely noblewoman auditions for a role, they fall into forbidden love -- and his play finds a new life (and title). As their relationship progresses, Shakespeare's comedy soon transforms into tragedy.",Shakespeare in Love,13.813155,289317794,12/11/1998,Shakespeare in Love,1998,TRUE
734,13000000,Action,2699,tt0115392,"A story of the romances of two couples upon the doomed ship. Isabella Paradine (Catherine Zeta Jones) is a wealthy woman mourning the loss of her aunt, who reignites a romance with old flame, Wynn Park (Peter Gallagher). Meanwhile, a charming ne'er do well named Jamie Perse (Mike Doyle) steals a ticket for the ship, and falls for a sweet innocent Irish girl on board. But their romance is threatened by the villainous Simon Doonan (Tim Curry), who has discovered about the ticket and makes Jamie his unwilling accomplice, as well as having sinister plans for the girl.",Titanic,3.435807,0,11/17/1996,Titanic,1997,TRUE
735,13000000,Drama,2699,tt0115392,"A story of the romances of two couples upon the doomed ship. Isabella Paradine (Catherine Zeta Jones) is a wealthy woman mourning the loss of her aunt, who reignites a romance with old flame, Wynn Park (Peter Gallagher). Meanwhile, a charming ne'er do well named Jamie Perse (Mike Doyle) steals a ticket for the ship, and falls for a sweet innocent Irish girl on board. But their romance is threatened by the villainous Simon Doonan (Tim Curry), who has discovered about the ticket and makes Jamie his unwilling accomplice, as well as having sinister plans for the girl.",Titanic,3.435807,0,11/17/1996,Titanic,1997,TRUE
736,13000000,Romance,2699,tt0115392,"A story of the romances of two couples upon the doomed ship. Isabella Paradine (Catherine Zeta Jones) is a wealthy woman mourning the loss of her aunt, who reignites a romance with old flame, Wynn Park (Peter Gallagher). Meanwhile, a charming ne'er do well named Jamie Perse (Mike Doyle) steals a ticket for the ship, and falls for a sweet innocent Irish girl on board. But their romance is threatened by the villainous Simon Doonan (Tim Curry), who has discovered about the ticket and makes Jamie his unwilling accomplice, as well as having sinister plans for the girl.",Titanic,3.435807,0,11/17/1996,Titanic,1997,TRUE
739,200000000,Thriller,597,tt0120338,"84 years later, a 101-year-old woman named Rose DeWitt Bukater tells the story to her granddaughter Lizzy Calvert, Brock Lovett, Lewis Bodine, Bobby Buell and Anatoly Mikailavich on the Keldysh about her life set in April 10th 1912, on a ship called Titanic when young Rose boards the departing ship with the upper-class passengers and her mother, Ruth DeWitt Bukater, and her fianc??, Caledon Hockley. Meanwhile, a drifter and artist named Jack Dawson and his best friend Fabrizio De Rossi win third-class tickets to the ship in a game. And she explains the whole story from departure until the death of Titanic on its first and last voyage April 15th, 1912 at 2:20 in the morning.",Titanic,26.88907,1845034188,11/18/1997,Titanic,1997,TRUE
601,27000000,Drama,409,tt0116209,"Beginning in the 1930s, ""The English Patient"" tells the story of Count Alm??sy who is a Hungarian map maker employed by the Royal Geographical Society to chart the vast expanses of the Sahara Desert along with several other prominent explorers. As World War II unfolds, Alm??sy enters into a world of love, betrayal, and politics that is later revealed in a series of flashbacks while Alm??sy is on his death bed after being horribly burned in a plane crash.",The English Patient,15.564161,231976425,11/14/1996,The English Patient,1996,TRUE
602,27000000,Romance,409,tt0116209,"Beginning in the 1930s, ""The English Patient"" tells the story of Count Alm??sy who is a Hungarian map maker employed by the Royal Geographical Society to chart the vast expanses of the Sahara Desert along with several other prominent explorers. As World War II unfolds, Alm??sy enters into a world of love, betrayal, and politics that is later revealed in a series of flashbacks while Alm??sy is on his death bed after being horribly burned in a plane crash.",The English Patient,15.564161,231976425,11/14/1996,The English Patient,1996,TRUE
603,27000000,War,409,tt0116209,"Beginning in the 1930s, ""The English Patient"" tells the story of Count Alm??sy who is a Hungarian map maker employed by the Royal Geographical Society to chart the vast expanses of the Sahara Desert along with several other prominent explorers. As World War II unfolds, Alm??sy enters into a world of love, betrayal, and politics that is later revealed in a series of flashbacks while Alm??sy is on his death bed after being horribly burned in a plane crash.",The English Patient,15.564161,231976425,11/14/1996,The English Patient,1996,TRUE
118,72000000,Action,197,tt0112573,"Enraged at the slaughter of Murron, his new bride and childhood love, Scottish warrior William Wallace slays a platoon of the local English lord's soldiers. This leads the village to revolt and, eventually, the entire country to rise up against English rule.",Braveheart,20.755149,2.10E+08,5/24/1995,Braveheart,1995,TRUE
119,72000000,Drama,197,tt0112573,"Enraged at the slaughter of Murron, his new bride and childhood love, Scottish warrior William Wallace slays a platoon of the local English lord's soldiers. This leads the village to revolt and, eventually, the entire country to rise up against English rule.",Braveheart,20.755149,2.10E+08,5/24/1995,Braveheart,1995,TRUE
120,72000000,History,197,tt0112573,"Enraged at the slaughter of Murron, his new bride and childhood love, Scottish warrior William Wallace slays a platoon of the local English lord's soldiers. This leads the village to revolt and, eventually, the entire country to rise up against English rule.",Braveheart,20.755149,2.10E+08,5/24/1995,Braveheart,1995,TRUE
121,72000000,War,197,tt0112573,"Enraged at the slaughter of Murron, his new bride and childhood love, Scottish warrior William Wallace slays a platoon of the local English lord's soldiers. This leads the village to revolt and, eventually, the entire country to rise up against English rule.",Braveheart,20.755149,2.10E+08,5/24/1995,Braveheart,1995,TRUE
260,55000000,Comedy,13,tt0109830,"A man with a low IQ has accomplished great things in his life and been present during significant historic events - in each case, far exceeding what anyone imagined he could do. Yet, despite all the things he has attained, his one true love eludes him. 'Forrest Gump' is the story of a man who rose above his challenges, and who proved that determination, courage, and love are more important than ability.",Forrest Gump,48.307194,677945399,7/6/1994,Forrest Gump,1994,TRUE
261,55000000,Drama,13,tt0109830,"A man with a low IQ has accomplished great things in his life and been present during significant historic events - in each case, far exceeding what anyone imagined he could do. Yet, despite all the things he has attained, his one true love eludes him. 'Forrest Gump' is the story of a man who rose above his challenges, and who proved that determination, courage, and love are more important than ability.",Forrest Gump,48.307194,677945399,7/6/1994,Forrest Gump,1994,TRUE
262,55000000,Romance,13,tt0109830,"A man with a low IQ has accomplished great things in his life and been present during significant historic events - in each case, far exceeding what anyone imagined he could do. Yet, despite all the things he has attained, his one true love eludes him. 'Forrest Gump' is the story of a man who rose above his challenges, and who proved that determination, courage, and love are more important than ability.",Forrest Gump,48.307194,677945399,7/6/1994,Forrest Gump,1994,TRUE
517,22000000,Drama,424,tt0108052,The true story of how businessman Oskar Schindler saved over a thousand Jewish lives from the Nazis while they worked as slaves in his factory during World War II.,Schindler's List,41.725123,321365567,11/29/1993,Schindler's List,1993,TRUE
518,22000000,History,424,tt0108052,The true story of how businessman Oskar Schindler saved over a thousand Jewish lives from the Nazis while they worked as slaves in his factory during World War II.,Schindler's List,41.725123,321365567,11/29/1993,Schindler's List,1993,TRUE
519,22000000,War,424,tt0108052,The true story of how businessman Oskar Schindler saved over a thousand Jewish lives from the Nazis while they worked as slaves in his factory during World War II.,Schindler's List,41.725123,321365567,11/29/1993,Schindler's List,1993,TRUE
757,0,Action,141819,tt2347134,"Set in Hokkaido, Japan in the 1880s. Jubei Kamata (Ken Watanabe), who is on the side of the Edo shogunate government, kills many people. His name is infamous in Kyoto. When the battle at Goryoukaku is about to be finished, Jubei disappears. 10 years later, Jubei lives with his kid in relative peace. He is barely able to make a living. Protecting his dead wife's grave, Jubei has decided to never pick up a sword again, but due to poverty he has no choice but to pick the sword again. Jubei becomes a bounty hunter.",????????????????€?,2.443676,0,9/13/2013,Unforgiven,1992,TRUE
758,0,Crime,141819,tt2347134,"Set in Hokkaido, Japan in the 1880s. Jubei Kamata (Ken Watanabe), who is on the side of the Edo shogunate government, kills many people. His name is infamous in Kyoto. When the battle at Goryoukaku is about to be finished, Jubei disappears. 10 years later, Jubei lives with his kid in relative peace. He is barely able to make a living. Protecting his dead wife's grave, Jubei has decided to never pick up a sword again, but due to poverty he has no choice but to pick the sword again. Jubei becomes a bounty hunter.",????????????????€?,2.443676,0,9/13/2013,Unforgiven,1992,TRUE
759,0,Drama,141819,tt2347134,"Set in Hokkaido, Japan in the 1880s. Jubei Kamata (Ken Watanabe), who is on the side of the Edo shogunate government, kills many people. His name is infamous in Kyoto. When the battle at Goryoukaku is about to be finished, Jubei disappears. 10 years later, Jubei lives with his kid in relative peace. He is barely able to make a living. Protecting his dead wife's grave, Jubei has decided to never pick up a sword again, but due to poverty he has no choice but to pick the sword again. Jubei becomes a bounty hunter.",????????????????€?,2.443676,0,9/13/2013,Unforgiven,1992,TRUE
760,14000000,Western,33,tt0105695,"William Munny is a retired, once-ruthless killer turned gentle widower and hog farmer. To help support his two motherless children, he accepts one last bounty-hunter mission to find the men who brutalized a prostitute. Joined by his former partner and a cocky greenhorn, he takes on a corrupt sheriff.",Unforgiven,10.942149,159157447,8/7/1992,Unforgiven,1992,TRUE
701,19000000,Crime,274,tt0102926,"FBI trainee, Clarice Starling ventures into a maximum-security asylum to pick the diseased brain of Hannibal Lecter, a psychiatrist turned homicidal cannibal. Starling needs clues to help her capture a serial killer. but her Faustian relationship with Lecter soon leads to his escape, and now two deranged killers are on the loose.",The Silence of the Lambs,4.307222,272742922,2/1/1991,The Silence of the Lambs,1991,TRUE
702,19000000,Drama,274,tt0102926,"FBI trainee, Clarice Starling ventures into a maximum-security asylum to pick the diseased brain of Hannibal Lecter, a psychiatrist turned homicidal cannibal. Starling needs clues to help her capture a serial killer. but her Faustian relationship with Lecter soon leads to his escape, and now two deranged killers are on the loose.",The Silence of the Lambs,4.307222,272742922,2/1/1991,The Silence of the Lambs,1991,TRUE
703,19000000,Thriller,274,tt0102926,"FBI trainee, Clarice Starling ventures into a maximum-security asylum to pick the diseased brain of Hannibal Lecter, a psychiatrist turned homicidal cannibal. Starling needs clues to help her capture a serial killer. but her Faustian relationship with Lecter soon leads to his escape, and now two deranged killers are on the loose.",The Silence of the Lambs,4.307222,272742922,2/1/1991,The Silence of the Lambs,1991,TRUE
234,7500000,Comedy,403,tt0097239,The story of an old Jewish widow named Daisy Werthan and her relationship with her colored chauffeur Hoke. From an initial mere work relationship grew in 25 years a strong friendship between the two very different characters in a time when those types of relationships where shunned upon. Oscar winning tragic comedy with a star-studded cast and based on a play of the same name by Alfred Uhry.,Driving Miss Daisy,10.703677,145793296,12/13/1989,Driving Miss Daisy,1989,TRUE
235,7500000,Drama,403,tt0097239,The story of an old Jewish widow named Daisy Werthan and her relationship with her colored chauffeur Hoke. From an initial mere work relationship grew in 25 years a strong friendship between the two very different characters in a time when those types of relationships where shunned upon. Oscar winning tragic comedy with a star-studded cast and based on a play of the same name by Alfred Uhry.,Driving Miss Daisy,10.703677,145793296,12/13/1989,Driving Miss Daisy,1989,TRUE
503,25000000,Drama,380,tt0095953,Selfish yuppie Charlie Babbitt's father left a fortune to his savant brother Raymond and a pittance to Charlie; they travel cross-country.,Rain Man,11.267467,412800000,12/11/1988,Rain Man,1988,TRUE
648,23000000,Drama,746,tt0093389,"A dramatic history of Pu Yi, the last of the Emperors of China, from his lofty birth and brief reign in the Forbidden City, the object of worship by half a billion people; through his abdication, his decline and dissolute lifestyle; his exploitation by the invading Japanese, and finally to his obscure existence as just another peasant worker in the People's Republic.",The Last Emperor,11.076971,43984230,10/21/1987,The Last Emperor,1987,TRUE
649,23000000,History,746,tt0093389,"A dramatic history of Pu Yi, the last of the Emperors of China, from his lofty birth and brief reign in the Forbidden City, the object of worship by half a billion people; through his abdication, his decline and dissolute lifestyle; his exploitation by the invading Japanese, and finally to his obscure existence as just another peasant worker in the People's Republic.",The Last Emperor,11.076971,43984230,10/21/1987,The Last Emperor,1987,TRUE
487,6000000,Drama,792,tt0091763,"As a young and naive recruit in Vietnam, Chris Taylor faces a moral crisis when confronted with the horrors of war and the duality of man.",Platoon,18.206972,138530565,12/18/1986,Platoon,1986,TRUE
488,6000000,War,792,tt0091763,"As a young and naive recruit in Vietnam, Chris Taylor faces a moral crisis when confronted with the horrors of war and the duality of man.",Platoon,18.206972,138530565,12/18/1986,Platoon,1986,TRUE
489,6000000,Action,792,tt0091763,"As a young and naive recruit in Vietnam, Chris Taylor faces a moral crisis when confronted with the horrors of war and the duality of man.",Platoon,18.206972,138530565,12/18/1986,Platoon,1986,TRUE
480,31000000,Drama,606,tt0089755,"Out of Africa tells the story of the life of Danish author Karen Blixen, who at the beginning of the 20th century moved to Africa to build a new life for herself. The film is based on the autobiographical novel by Karen Blixen from 1937.",Out of Africa,14.004074,128499205,12/20/1985,Out of Africa,1985,TRUE
41,18000000,Drama,279,tt0086879,"The incredible story of genius musician Wolfgang Amadeus Mozart, told in flashback by his peer and secret rival Antonio Salieri ?€? now confined to an insane asylum.",Amadeus,12.677592,51973029,10/26/1984,Amadeus,1984,TRUE
42,18000000,History,279,tt0086879,"The incredible story of genius musician Wolfgang Amadeus Mozart, told in flashback by his peer and secret rival Antonio Salieri ?€? now confined to an insane asylum.",Amadeus,12.677592,51973029,10/26/1984,Amadeus,1984,TRUE
43,18000000,Music,279,tt0086879,"The incredible story of genius musician Wolfgang Amadeus Mozart, told in flashback by his peer and secret rival Antonio Salieri ?€? now confined to an insane asylum.",Amadeus,12.677592,51973029,10/26/1984,Amadeus,1984,TRUE
557,8000000,Drama,11050,tt0086425,"Aurora and Emma are mother and daughter who march to different drummers. Beginning with Emma's marriage, Aurora shows how difficult and loving she can be. The movie covers several years of their lives as each finds different reasons to go on living and find joy. Aurora's interludes with Garrett Breedlove, retired astronaut and next door neighbor are quite striking.",Terms of Endearment,8.785209,0,11/20/1983,Terms of Endearment,1983,TRUE
558,8000000,Comedy,11050,tt0086425,"Aurora and Emma are mother and daughter who march to different drummers. Beginning with Emma's marriage, Aurora shows how difficult and loving she can be. The movie covers several years of their lives as each finds different reasons to go on living and find joy. Aurora's interludes with Garrett Breedlove, retired astronaut and next door neighbor are quite striking.",Terms of Endearment,8.785209,0,11/20/1983,Terms of Endearment,1983,TRUE
272,22000000,Drama,783,tt0083987,"In the early years of the 20th century, Mohandas K. Gandhi, a British-trained lawyer, forsakes all worldly possessions to take up the cause of Indian independence. Faced with armed resistance from the British government, Gandhi adopts a policy of 'passive resistance', endeavouring to win freedom for his people without resorting to bloodshed.",Gandhi,12.383755,77737889,11/30/1982,Gandhi,1982,TRUE
273,22000000,History,783,tt0083987,"In the early years of the 20th century, Mohandas K. Gandhi, a British-trained lawyer, forsakes all worldly possessions to take up the cause of Indian independence. Faced with armed resistance from the British government, Gandhi adopts a policy of 'passive resistance', endeavouring to win freedom for his people without resorting to bloodshed.",Gandhi,12.383755,77737889,11/30/1982,Gandhi,1982,TRUE
149,5500000,Drama,9443,tt0082158,The true story of British athletes preparing for and competing in the 1924 Summer Olympics.,Chariots of Fire,6.877698,58972904,5/15/1981,Chariots of Fire,1981,TRUE
150,5500000,History,9443,tt0082158,The true story of British athletes preparing for and competing in the 1924 Summer Olympics.,Chariots of Fire,6.877698,58972904,5/15/1981,Chariots of Fire,1981,TRUE
479,6000000,Drama,16619,tt0081283,"Beth, Calvin, and their son Conrad are living in the aftermath of the death of the other son. Conrad is overcome by grief and misplaced guilt to the extent of a suicide attempt. He is in therapy. Beth had always preferred his brother and is having difficulty being supportive to Conrad. Calvin is trapped between the two trying to hold the family together.",Ordinary People,8.934661,0,9/19/1980,Ordinary People,1980,TRUE
370,8000000,Drama,12102,tt0079417,"Ted Kramer is a career man for whom his work comes before his family. His wife Joanna cannot take this anymore, so she decides to leave him. Ted is now faced with the tasks of housekeeping and taking care of himself and their young son Billy.",Kramer vs. Kramer,9.741644,106260000,12/18/1979,Kramer vs. Kramer,1979,TRUE
586,15000000,Drama,11778,tt0077416,"A group of working-class friends decides to enlist in the Army during the Vietnam War and finds it to be hellish chaos -- not the noble venture they imagined. Before they left, Steven married his pregnant girlfriend -- and Michael and Nick were in love with the same woman. But all three are different men upon their return.",The Deer Hunter,7.729445,5.00E+07,12/8/1978,The Deer Hunter,1978,TRUE
587,15000000,War,11778,tt0077416,"A group of working-class friends decides to enlist in the Army during the Vietnam War and finds it to be hellish chaos -- not the noble venture they imagined. Before they left, Steven married his pregnant girlfriend -- and Michael and Nick were in love with the same woman. But all three are different men upon their return.",The Deer Hunter,7.729445,5.00E+07,12/8/1978,The Deer Hunter,1978,TRUE
63,4000000,Comedy,703,tt0075686,"In the city of New York, comedian Alvy Singer falls in love with the ditsy Annie Hall.",Annie Hall,18.146043,38251425,4/19/1977,Annie Hall,1977,TRUE
64,4000000,Drama,703,tt0075686,"In the city of New York, comedian Alvy Singer falls in love with the ditsy Annie Hall.",Annie Hall,18.146043,38251425,4/19/1977,Annie Hall,1977,TRUE
65,4000000,Romance,703,tt0075686,"In the city of New York, comedian Alvy Singer falls in love with the ditsy Annie Hall.",Annie Hall,18.146043,38251425,4/19/1977,Annie Hall,1977,TRUE
508,1000000,Drama,1366,tt0075148,"When world heavyweight boxing champion, Apollo Creed wants to give an unknown fighter a shot at the title as a publicity stunt, his handlers choose palooka Rocky Balboa, an uneducated collector for a Philadelphia loan shark. Rocky teams up with trainer  Mickey Goldmill to make the most of this once in a lifetime break.",Rocky,14.774066,117235147,11/21/1976,Rocky,1976,TRUE
712,5500000,Comedy,9277,tt0070735,Set in the 1930's this intricate caper deals with an ambitious small-time crook and a veteran con man who seek revenge on a vicious crime lord who murdered one of their gang.,The Sting,12.016821,159616327,12/25/1973,The Sting,1973,TRUE
713,5500000,Crime,9277,tt0070735,Set in the 1930's this intricate caper deals with an ambitious small-time crook and a veteran con man who seek revenge on a vicious crime lord who murdered one of their gang.,The Sting,12.016821,159616327,12/25/1973,The Sting,1973,TRUE
714,5500000,Drama,9277,tt0070735,Set in the 1930's this intricate caper deals with an ambitious small-time crook and a veteran con man who seek revenge on a vicious crime lord who murdered one of their gang.,The Sting,12.016821,159616327,12/25/1973,The Sting,1973,TRUE
617,6000000,Drama,238,tt0068646,"Spanning the years 1945 to 1955, a chronicle of the fictional Italian-American Corleone crime family. When organized crime family patriarch, Vito Corleone barely survives an attempt on his life, his youngest son, Michael steps in to take care of the would-be killers, launching a campaign of bloody revenge.",The Godfather,41.109264,245066411,3/14/1972,The Godfather,1972,TRUE
618,6000000,Crime,238,tt0068646,"Spanning the years 1945 to 1955, a chronicle of the fictional Italian-American Corleone crime family. When organized crime family patriarch, Vito Corleone barely survives an attempt on his life, his youngest son, Michael steps in to take care of the would-be killers, launching a campaign of bloody revenge.",The Godfather,41.109264,245066411,3/14/1972,The Godfather,1972,TRUE
608,1800000,Action,1051,tt0067116,Tough narcotics detective 'Popeye' Doyle is in hot pursuit of a suave French drug dealer who may be the key to a huge heroin-smuggling operation.,The French Connection,6.694959,41158757,10/9/1971,The French Connection,1971,TRUE
609,1800000,Crime,1051,tt0067116,Tough narcotics detective 'Popeye' Doyle is in hot pursuit of a suave French drug dealer who may be the key to a huge heroin-smuggling operation.,The French Connection,6.694959,41158757,10/9/1971,The French Connection,1971,TRUE
610,1800000,Thriller,1051,tt0067116,Tough narcotics detective 'Popeye' Doyle is in hot pursuit of a suave French drug dealer who may be the key to a huge heroin-smuggling operation.,The French Connection,6.694959,41158757,10/9/1971,The French Connection,1971,TRUE
481,12000000,Drama,11202,tt0066206,"""Patton"" tells the tale of General George S. Patton, famous tank commander of World War II. The film begins with patton's career in North Africa and progresses through the invasion of Germany and the fall of the Third Reich. Side plots also speak of Patton's numerous faults such his temper and habit towards insubordination.",Patton,14.382289,89800000,1/25/1970,Patton,1970,TRUE
482,12000000,History,11202,tt0066206,"""Patton"" tells the tale of General George S. Patton, famous tank commander of World War II. The film begins with patton's career in North Africa and progresses through the invasion of Germany and the fall of the Third Reich. Side plots also speak of Patton's numerous faults such his temper and habit towards insubordination.",Patton,14.382289,89800000,1/25/1970,Patton,1970,TRUE
483,12000000,War,11202,tt0066206,"""Patton"" tells the tale of General George S. Patton, famous tank commander of World War II. The film begins with patton's career in North Africa and progresses through the invasion of Germany and the fall of the Third Reich. Side plots also speak of Patton's numerous faults such his temper and habit towards insubordination.",Patton,14.382289,89800000,1/25/1970,Patton,1970,TRUE
421,3600000,Drama,3116,tt0064665,A naive male prostitute and his sickly friend struggle to survive on the streets of New York City.,Midnight Cowboy,10.579988,44785053,5/25/1969,Midnight Cowboy,1969,TRUE
475,10000000,Drama,17917,tt0063385,"Musical adaptation of Charles Dickens' Oliver Twist, a classic tale of an orphan who runs away from the workhouse and joins up with a group of boys headed by the Artful Dodger and trained to be pickpockets by master thief Fagin.",Oliver!,8.630078,37402877,9/26/1968,Oliver!,1968,TRUE
476,10000000,Family,17917,tt0063385,"Musical adaptation of Charles Dickens' Oliver Twist, a classic tale of an orphan who runs away from the workhouse and joins up with a group of boys headed by the Artful Dodger and trained to be pickpockets by master thief Fagin.",Oliver!,8.630078,37402877,9/26/1968,Oliver!,1968,TRUE
477,10000000,Music,17917,tt0063385,"Musical adaptation of Charles Dickens' Oliver Twist, a classic tale of an orphan who runs away from the workhouse and joins up with a group of boys headed by the Artful Dodger and trained to be pickpockets by master thief Fagin.",Oliver!,8.630078,37402877,9/26/1968,Oliver!,1968,TRUE
339,2000000,Crime,10633,tt0061811,An African American detective is asked to investigate a murder in a racist southern town.,In the Heat of the Night,9.059617,27379978,8/2/1967,In the Heat of the Night,1967,TRUE
340,2000000,Drama,10633,tt0061811,An African American detective is asked to investigate a murder in a racist southern town.,In the Heat of the Night,9.059617,27379978,8/2/1967,In the Heat of the Night,1967,TRUE
341,2000000,Mystery,10633,tt0061811,An African American detective is asked to investigate a murder in a racist southern town.,In the Heat of the Night,9.059617,27379978,8/2/1967,In the Heat of the Night,1967,TRUE
342,2000000,Thriller,10633,tt0061811,An African American detective is asked to investigate a murder in a racist southern town.,In the Heat of the Night,9.059617,27379978,8/2/1967,In the Heat of the Night,1967,TRUE
11,3900000,Drama,874,tt0060665,A Man for All Seasons is the filmed version of the life of Thomas More. An English man comes to Sir Thomas More to ask if he can divorce his wife since King Henry VIII has made it illegal. Sir Thomas More stands up in opposition to the King even though he knows he?€?s risking his own life. An award winning film from 1966.,A Man for All Seasons,6.997888,28350000,12/12/1966,A Man for All Seasons,1966,TRUE
12,3900000,History,874,tt0060665,A Man for All Seasons is the filmed version of the life of Thomas More. An English man comes to Sir Thomas More to ask if he can divorce his wife since King Henry VIII has made it illegal. Sir Thomas More stands up in opposition to the King even though he knows he?€?s risking his own life. An award winning film from 1966.,A Man for All Seasons,6.997888,28350000,12/12/1966,A Man for All Seasons,1966,TRUE
708,8200000,Drama,15121,tt0059742,Film adaptation of a classic Rodgers and Hammerstein musical based on a nun who becomes a governess for an Austrian family.,The Sound of Music,9.06773,286214286,3/2/1965,The Sound of Music,1965,TRUE
709,8200000,Family,15121,tt0059742,Film adaptation of a classic Rodgers and Hammerstein musical based on a nun who becomes a governess for an Austrian family.,The Sound of Music,9.06773,286214286,3/2/1965,The Sound of Music,1965,TRUE
710,8200000,Music,15121,tt0059742,Film adaptation of a classic Rodgers and Hammerstein musical based on a nun who becomes a governess for an Austrian family.,The Sound of Music,9.06773,286214286,3/2/1965,The Sound of Music,1965,TRUE
711,8200000,Romance,15121,tt0059742,Film adaptation of a classic Rodgers and Hammerstein musical based on a nun who becomes a governess for an Austrian family.,The Sound of Music,9.06773,286214286,3/2/1965,The Sound of Music,1965,TRUE
455,17000000,Drama,11113,tt0058385,A misogynistic and snobbish phonetics professor agrees to a wager that he can take a flower girl and make her presentable in high society.,My Fair Lady,12.494394,72070731,10/21/1964,My Fair Lady,1964,TRUE
456,17000000,Family,11113,tt0058385,A misogynistic and snobbish phonetics professor agrees to a wager that he can take a flower girl and make her presentable in high society.,My Fair Lady,12.494394,72070731,10/21/1964,My Fair Lady,1964,TRUE
457,17000000,Music,11113,tt0058385,A misogynistic and snobbish phonetics professor agrees to a wager that he can take a flower girl and make her presentable in high society.,My Fair Lady,12.494394,72070731,10/21/1964,My Fair Lady,1964,TRUE
458,17000000,Romance,11113,tt0058385,A misogynistic and snobbish phonetics professor agrees to a wager that he can take a flower girl and make her presentable in high society.,My Fair Lady,12.494394,72070731,10/21/1964,My Fair Lady,1964,TRUE
742,1000000,Adventure,5769,tt0057590,Tom loves Sophie and Sophie loves Tom. But Tom and Sophie are of differering classes. Can they find a way through the mayhem to be true to love?,Tom Jones,3.315827,37600000,10/6/1963,Tom Jones,1963,TRUE
743,1000000,Comedy,5769,tt0057590,Tom loves Sophie and Sophie loves Tom. But Tom and Sophie are of differering classes. Can they find a way through the mayhem to be true to love?,Tom Jones,3.315827,37600000,10/6/1963,Tom Jones,1963,TRUE
744,1000000,History,5769,tt0057590,Tom loves Sophie and Sophie loves Tom. But Tom and Sophie are of differering classes. Can they find a way through the mayhem to be true to love?,Tom Jones,3.315827,37600000,10/6/1963,Tom Jones,1963,TRUE
745,1000000,Romance,5769,tt0057590,Tom loves Sophie and Sophie loves Tom. But Tom and Sophie are of differering classes. Can they find a way through the mayhem to be true to love?,Tom Jones,3.315827,37600000,10/6/1963,Tom Jones,1963,TRUE
379,15000000,Adventure,947,tt0056172,"An epic about British officer T.E. Lawrence's mission to aid the Arab tribes in their revolt against the Ottoman Empire during the First World War. Lawrence becomes a flamboyant, messianic figure in the cause of Arab unity but his psychological instability threatens to undermine his achievements.",Lawrence of Arabia,10.893332,69995385,12/10/1962,Lawrence of Arabia,1962,TRUE
380,15000000,Drama,947,tt0056172,"An epic about British officer T.E. Lawrence's mission to aid the Arab tribes in their revolt against the Ottoman Empire during the First World War. Lawrence becomes a flamboyant, messianic figure in the cause of Arab unity but his psychological instability threatens to undermine his achievements.",Lawrence of Arabia,10.893332,69995385,12/10/1962,Lawrence of Arabia,1962,TRUE
381,15000000,History,947,tt0056172,"An epic about British officer T.E. Lawrence's mission to aid the Arab tribes in their revolt against the Ottoman Empire during the First World War. Lawrence becomes a flamboyant, messianic figure in the cause of Arab unity but his psychological instability threatens to undermine his achievements.",Lawrence of Arabia,10.893332,69995385,12/10/1962,Lawrence of Arabia,1962,TRUE
382,15000000,War,947,tt0056172,"An epic about British officer T.E. Lawrence's mission to aid the Arab tribes in their revolt against the Ottoman Empire during the First World War. Lawrence becomes a flamboyant, messianic figure in the cause of Arab unity but his psychological instability threatens to undermine his achievements.",Lawrence of Arabia,10.893332,69995385,12/10/1962,Lawrence of Arabia,1962,TRUE
