,birthplace,date_of_birth,race_ethnicity,religion,religion:confidence,sexual_orientation,year_of_award,award,biourl,movie,person,movieID,movie_IMDB_Link
0,"Chisinau, Moldova",30-Sep-1895,White,Na,1.0,Straight,1927,Best Director,http://www.nndb.com/people/320/000043191/,Two Arabian Knights,Lewis Milestone,tt0018515,https://www.imdb.com/title/tt0018515/
1,"Glasgow, Scotland",2-Feb-1886,White,Na,1.0,Straight,1930,Best Director,http://www.nndb.com/people/626/000042500/,The Divine Lady,Frank Lloyd,tt0019824,https://www.imdb.com/title/tt0019824/
2,"Chisinau, Moldova",30-Sep-1895,White,Na,1.0,Straight,1931,Best Director,http://www.nndb.com/people/320/000043191/,All Quiet on the Western Front,Lewis Milestone,tt0020629,https://www.imdb.com/title/tt0020629/
3,"Chicago, Il",23-Feb-1899,White,Na,1.0,Straight,1932,Best Director,http://www.nndb.com/people/544/000041421/,Skippy,Norman Taurog,tt0022397,https://www.imdb.com/title/tt0022397/
4,"Salt Lake City, Ut",23-Apr-1894,White,Roman Catholic,1.0,Straight,1933,Best Director,http://www.nndb.com/people/292/000044160/,Bad Girl,Frank Borzage,tt0021635,https://www.imdb.com/title/tt0021635/
5,"Glasgow, Scotland",2-Feb-1886,White,Na,1.0,Straight,1934,Best Director,http://www.nndb.com/people/626/000042500/,Cavalcade,Frank Lloyd,tt0023876,https://www.imdb.com/title/tt0023876/
6,"Bisacquino, Sicily, Italy",18-May-1897,White,Roman Catholic,1.0,Straight,1935,Best Director,http://www.nndb.com/people/459/000032363/,It Happened One Night,Frank Capra,tt0025316,https://www.imdb.com/title/tt0025316/
7,"Cadiz, Oh",1-Feb-1901,White,Na,1.0,Straight,1935,Best Actor,http://www.nndb.com/people/156/000027075/,It Happened One Night,Clark Gable,tt0025316,https://www.imdb.com/title/tt0025316/
8,"Paris, France",13-Sep-1903,White,Na,1.0,Straight,1935,Best Actress,http://www.nndb.com/people/935/000043806/,It Happened One Night,Claudette Colbert,tt0025316,https://www.imdb.com/title/tt0025316/
9,"Cape Elizabeth, Me",1-Feb-1894,White,Roman Catholic,1.0,Bisexual,1936,Best Director,http://www.nndb.com/people/458/000032362/,The Informer,John Ford,tt0026529,https://www.imdb.com/title/tt0026529/
10,"Tunbridge Wells, Kent, England",11-Dec-1883,White,Anglican/episcopalian,1.0,Straight,1936,Best Actor,http://www.nndb.com/people/452/000047311/,The Informer,Victor McLaglen,tt0026529,https://www.imdb.com/title/tt0026529/
11,"Bisacquino, Sicily, Italy",18-May-1897,White,Roman Catholic,1.0,Straight,1937,Best Director,http://www.nndb.com/people/459/000032363/,Mr. Deeds Goes to Town,Frank Capra,tt0027996,https://www.imdb.com/title/tt0027996/
12,"Los Angeles, Ca",3-Oct-1898,White,Na,1.0,Straight,1938,Best Director,http://www.nndb.com/people/380/000044248/,The Awful Truth,Leo McCarey,tt0028597,https://www.imdb.com/title/tt0028597/
13,"Bisacquino, Sicily, Italy",18-May-1897,White,Roman Catholic,1.0,Straight,1939,Best Director,http://www.nndb.com/people/459/000032363/,You Can't Take It with You,Frank Capra,tt0030993,https://www.imdb.com/title/tt0030993/
14,"Pasadena, Ca",23-Feb-1883,White,Na,1.0,Straight,1940,Best Director,http://www.nndb.com/people/416/000041293/,Gone with the Wind,Victor Fleming,tt0031381,https://www.imdb.com/title/tt0031381/
15,"Darjeeling, India",5-Nov-13,White,Roman Catholic,1.0,Straight,1940,Best Actress,http://www.nndb.com/people/470/000022404/,Gone with the Wind,Vivien Leigh,tt0031381,https://www.imdb.com/title/tt0031381/
16,"Wichita, Ks",10-Jun-1893,Black,Christian,1.0,Matter of Dispute,1940,Best Supporting Actress,http://www.nndb.com/people/077/000063885/,Gone with the Wind,Hattie McDaniel,tt0031381,https://www.imdb.com/title/tt0031381/
17,"Cape Elizabeth, Me",1-Feb-1894,White,Roman Catholic,1.0,Bisexual,1941,Best Director,http://www.nndb.com/people/458/000032362/,The Grapes of Wrath,John Ford,tt0032551,https://www.imdb.com/title/tt0032551/
18,"Palmyra, Mo",15-Oct-1879,White,Na,1.0,Straight,1941,Best Supporting Actress,http://www.nndb.com/people/078/000063886/,The Grapes of Wrath,Jane Darwell,tt0032551,https://www.imdb.com/title/tt0032551/
19,"Cape Elizabeth, Me",1-Feb-1894,White,Roman Catholic,1.0,Bisexual,1942,Best Director,http://www.nndb.com/people/458/000032362/,How Green Was My Valley,John Ford,tt0033729,https://www.imdb.com/title/tt0033729/
20,"London, England",27-Jul-1880,White,Na,1.0,Straight,1942,Best Supporting Actor,http://www.nndb.com/people/689/000031596/,How Green Was My Valley,Donald Crisp,tt0033729,https://www.imdb.com/title/tt0033729/
21,"Mulhouse, Haut-Rhin, Alsace, France",1-Jul-1902,White,Na,1.0,Straight,1943,Best Director,http://www.nndb.com/people/463/000032367/,Mrs. Miniver,William Wyler,tt0035093,https://www.imdb.com/title/tt0035093/
22,New York City,27-Oct-18,White,Na,1.0,Straight,1943,Best Supporting Actress,http://www.nndb.com/people/580/000045445/,Mrs. Miniver,Teresa Wright,tt0035093,https://www.imdb.com/title/tt0035093/
23,"Budapest, Hungary",24-Dec-1886,White,Na,1.0,Straight,1944,Best Director,http://www.nndb.com/people/676/000032580/,Casablanca,Michael Curtiz,tt0034583,https://www.imdb.com/title/tt0034583/
24,"Los Angeles, Ca",3-Oct-1898,White,Na,1.0,Straight,1945,Best Director,http://www.nndb.com/people/380/000044248/,Going My Way,Leo McCarey,tt0036872,https://www.imdb.com/title/tt0036872/
25,"Tacoma, Wa",3-May-1903,White,Roman Catholic,0.6667,Straight,1945,Best Actor,http://www.nndb.com/people/651/000026573/,Going My Way,Bing Crosby,tt0036872,https://www.imdb.com/title/tt0036872/
26,"Dublin, Ireland",10-Mar-1888,White,Protestant,1.0,Na,1945,Best Supporting Actor,http://www.nndb.com/people/126/000063934/,Going My Way,Barry Fitzgerald,tt0036872,https://www.imdb.com/title/tt0036872/
27,New York City,11-Oct-18,White,Jewish,1.0,Gay,1962,Best Director,http://www.nndb.com/people/281/000064089/,West Side Story,Jerome Robbins,tt0055614,https://www.imdb.com/title/tt0055614/
28,"Norwood, Oh",16-Sep-34,White,Na,1.0,Gay,1962,Best Supporting Actor,http://www.nndb.com/people/119/000063927/,West Side Story,George Chakiris,tt0055614,https://www.imdb.com/title/tt0055614/
29,"Humacao, Puerto Rico",11-Dec-31,Hispanic,Na,1.0,Straight,1962,Best Supporting Actress,http://www.nndb.com/people/463/000023394/,West Side Story,Rita Moreno,tt0055614,https://www.imdb.com/title/tt0055614/
30,"Sucha, Galicia, Austria",22-Jun-06,White,Jewish,1.0,Straight,1946,Best Director,http://www.nndb.com/people/982/000024910/,The Lost Weekend,Billy Wilder,tt0037884,https://www.imdb.com/title/tt0037884/
31,"Neath, Wales",3-Jan-07,White,Na,0.6897,Straight,1946,Best Actor,http://www.nndb.com/people/814/000042688/,The Lost Weekend,Ray Milland,tt0037884,https://www.imdb.com/title/tt0037884/
32,"Mulhouse, Haut-Rhin, Alsace, France",1-Jul-1902,White,Na,1.0,Straight,1947,Best Director,http://www.nndb.com/people/463/000032367/,The Best Years of Our Lives,William Wyler,tt0036868,https://www.imdb.com/title/tt0036868/
33,"Racine, Wi",31-Aug-1897,White,Na,1.0,Straight,1947,Best Actor,http://www.nndb.com/people/255/000043126/,The Best Years of Our Lives,Fredric March,tt0036868,https://www.imdb.com/title/tt0036868/
34,"North Sydney, Nova Scotia, Canada",14-Jan-14,White,Na,1.0,Straight,1947,Best Supporting Actor,http://www.nndb.com/people/124/000063932/,The Best Years of Our Lives,Harold Russell,tt0036868,https://www.imdb.com/title/tt0036868/
35,"Istanbul, Turkey",7-Sep-09,White,Na,1.0,Straight,1948,Best Director,http://www.nndb.com/people/537/000026459/,Gentleman's Agreement,Elia Kazan,tt0039416,https://www.imdb.com/title/tt0039416/
36,New York City,29-Apr-17,White,Na,0.6897,Straight,1948,Best Supporting Actress,http://www.nndb.com/people/084/000063892/,Gentleman's Agreement,Celeste Holm,tt0039416,https://www.imdb.com/title/tt0039416/
37,"Nevada, Mo",5-Aug-06,White,Na,1.0,Straight,1949,Best Director,http://www.nndb.com/people/704/000024632/,The Treasure of the Sierra Madre,John Huston,tt0040897,https://www.imdb.com/title/tt0040897/
38,"Toronto, Ontario, Canada",6-Apr-1884,White,Na,1.0,Straight,1949,Best Supporting Actor,http://www.nndb.com/people/122/000063930/,The Treasure of the Sierra Madre,Walter Huston,tt0040897,https://www.imdb.com/title/tt0040897/
39,"Nevada, Mo",5-Aug-06,White,Na,1.0,Straight,1949,Best Director,http://www.nndb.com/people/704/000024632/,The Treasure of the Sierra Madre,John Huston,tt0040897,https://www.imdb.com/title/tt0040897/
40,"Wilkes-Barre, Pa",11-Feb-09,White,Jewish,1.0,Straight,1950,Best Director,http://www.nndb.com/people/723/000032627/,A Letter to Three Wives,Joseph L. Mankiewicz,tt0041587,https://www.imdb.com/title/tt0041587/
41,"Wilkes-Barre, Pa",11-Feb-09,White,Jewish,1.0,Straight,1951,Best Director,http://www.nndb.com/people/723/000032627/,All About Eve,Joseph L. Mankiewicz,tt0042192,https://www.imdb.com/title/tt0042192/
42,"St. Petersburg, Russia",3-Jul-06,White,Na,1.0,Straight,1951,Best Supporting Actor,http://www.nndb.com/people/728/000043599/,All About Eve,George Sanders,tt0042192,https://www.imdb.com/title/tt0042192/
43,"Oakland, Ca",18-Dec-04,White,Na,1.0,Straight,1952,Best Director,http://www.nndb.com/people/382/000044250/,A Place in the Sun,George Stevens,tt0043924,https://www.imdb.com/title/tt0043924/
44,"Cape Elizabeth, Me",1-Feb-1894,White,Roman Catholic,1.0,Bisexual,1953,Best Director,http://www.nndb.com/people/458/000032362/,The Quiet Man,John Ford,tt0045061,https://www.imdb.com/title/tt0045061/
45,"Vienna, Austria",29-Apr-07,White,Jewish,1.0,Straight,1954,Best Director,http://www.nndb.com/people/538/000032442/,From Here to Eternity,Fred Zinnemann,tt0045793,https://www.imdb.com/title/tt0045793/
46,"Hoboken, Nj",12-Dec-15,White,Na,1.0,Straight,1954,Best Supporting Actor,http://www.nndb.com/people/300/000026222/,From Here to Eternity,Frank Sinatra,tt0045793,https://www.imdb.com/title/tt0045793/
47,"Denison, Ia",27-Jan-21,White,Na,1.0,Straight,1954,Best Supporting Actress,http://www.nndb.com/people/702/000031609/,From Here to Eternity,Donna Reed,tt0045793,https://www.imdb.com/title/tt0045793/
48,"Istanbul, Turkey",7-Sep-09,White,Na,1.0,Straight,1955,Best Director,http://www.nndb.com/people/537/000026459/,On the Waterfront,Elia Kazan,tt0047296,https://www.imdb.com/title/tt0047296/
49,"Omaha, Ne",3-Apr-24,White,Deist,1.0,Bisexual,1955,Best Actor,http://www.nndb.com/people/721/000022655/,On the Waterfront,Marlon Brando,tt0047296,https://www.imdb.com/title/tt0047296/
50,"Newark, Nj",4-Jul-24,White,Na,1.0,Straight,1955,Best Supporting Actress,http://www.nndb.com/people/980/000022914/,On the Waterfront,Eva Marie Saint,tt0047296,https://www.imdb.com/title/tt0047296/
51,"Lawrence, Ks",30-Jan-20,White,Presbyterian,1.0,Straight,1956,Best Director,http://www.nndb.com/people/384/000044252/,Marty,Delbert Mann,tt0048356,https://www.imdb.com/title/tt0048356/
52,"Hamden, Ct",24-Jan-17,White,Na,1.0,Straight,1956,Best Actor,http://www.nndb.com/people/730/000022664/,Marty,Ernest Borgnine,tt0048356,https://www.imdb.com/title/tt0048356/
53,"Oakland, Ca",18-Dec-04,White,Na,1.0,Straight,1957,Best Director,http://www.nndb.com/people/382/000044250/,Giant,George Stevens,tt0049261,https://www.imdb.com/title/tt0049261/
54,"Croydon, Surrey, England",25-Mar-08,White,Na,1.0,Straight,1958,Best Director,http://www.nndb.com/people/462/000032366/,The Bridge on the River Kwai,David Lean,tt0050212,https://www.imdb.com/title/tt0050212/
55,"London, England",2-Apr-14,White,Roman Catholic,1.0,Bisexual,1958,Best Actor,http://www.nndb.com/people/751/000023682/,The Bridge on the River Kwai,Alec Guinness,tt0050212,https://www.imdb.com/title/tt0050212/
56,"Chicago, Il",28-Feb-1903,White,Na,1.0,Bisexual,1959,Best Director,http://www.nndb.com/people/825/000032729/,Gigi,Vincente Minnelli,tt0051658,https://www.imdb.com/title/tt0051658/
57,"Mulhouse, Haut-Rhin, Alsace, France",1-Jul-1902,White,Na,1.0,Straight,1960,Best Director,http://www.nndb.com/people/463/000032367/,Ben-Hur,William Wyler,tt0052618,https://www.imdb.com/title/tt0052618/
58,"Marian Glas, Anglesey, Wales",30-May-12,White,Na,1.0,Na,1960,Best Supporting Actor,http://www.nndb.com/people/120/000063928/,Ben-Hur,Hugh Griffith,tt0052618,https://www.imdb.com/title/tt0052618/
59,"Sucha, Galicia, Austria",22-Jun-06,White,Jewish,0.963,Straight,1961,Best Director,http://www.nndb.com/people/982/000024910/,The Apartment,Billy Wilder,tt0053604,https://www.imdb.com/title/tt0053604/
60,"Sucha, Galicia, Austria",22-Jun-06,White,Jewish,1.0,Straight,1961,Best Director,http://www.nndb.com/people/982/000024910/,The Apartment,Billy Wilder,tt0053604,https://www.imdb.com/title/tt0053604/
61,"Winchester, In",10-Sep-14,White,Na,1.0,Straight,1961,Best Director,http://www.nndb.com/people/460/000032364/,West Side Story,Robert Wise,tt0055614,https://www.imdb.com/title/tt0055614/
62,"Croydon, Surrey, England",25-Mar-08,White,Na,1.0,Straight,1963,Best Director,http://www.nndb.com/people/462/000032366/,Lawrence of Arabia,David Lean,tt0056172,https://www.imdb.com/title/tt0056172/
63,"Shipley, Yorkshire, England",5-Jun-28,White,Na,1.0,Bisexual,1964,Best Director,http://www.nndb.com/people/249/000043120/,Tom Jones,Tony Richardson,tt0057590,https://www.imdb.com/title/tt0057590/
64,New York City,7-Jul-1899,White,Na,0.6571,Gay,1965,Best Director,http://www.nndb.com/people/373/000041250/,My Fair Lady,George Cukor,tt0058385,https://www.imdb.com/title/tt0058385/
65,"Huyton, Lancashire, England",5-Mar-08,White,Na,1.0,Straight,1965,Best Actor,http://www.nndb.com/people/132/000043003/,My Fair Lady,Rex Harrison,tt0058385,https://www.imdb.com/title/tt0058385/
66,"Winchester, In",10-Sep-14,White,Na,1.0,Straight,1966,Best Director,http://www.nndb.com/people/460/000032364/,The Sound of Music,Robert Wise,tt0059742,https://www.imdb.com/title/tt0059742/
67,"Vienna, Austria",29-Apr-07,White,Jewish,1.0,Straight,1967,Best Director,http://www.nndb.com/people/538/000032442/,A Man for All Seasons,Fred Zinnemann,tt0060665,https://www.imdb.com/title/tt0060665/
68,"Berlin, Germany",6-Nov-31,White,Jewish,1.0,Straight,1968,Best Director,http://www.nndb.com/people/455/000023386/,The Graduate,Mike Nichols,tt0061722,https://www.imdb.com/title/tt0061722/
69,"St. Louis Park, Mn",29-Nov-54,White,Jewish,1.0,Straight,2008,Best Director,http://www.nndb.com/people/399/000025324/,No Country for Old Men,Joel Coen,tt0477348,https://www.imdb.com/title/tt0477348/
70,"St. Louis Park, Mn",21-Sep-57,White,Jewish,1.0,Straight,2008,Best Director,http://www.nndb.com/people/400/000025325/,No Country for Old Men,Ethan Coen,tt0477348,https://www.imdb.com/title/tt0477348/
71,"Las Palmas De Gran Canaria, Canary Islands",1-Mar-69,Hispanic,Na,1.0,Straight,2008,Best Supporting Actor,http://www.nndb.com/people/733/000109406/,No Country for Old Men,Javier Bardem,tt0477348,https://www.imdb.com/title/tt0477348/
72,"London, England",30-Dec-06,White,Na,1.0,Straight,1969,Best Director,http://www.nndb.com/people/290/000064098/,Oliver!,Carol Reed,tt0063385,https://www.imdb.com/title/tt0063385/
73,"London, England",16-Feb-26,White,Na,1.0,Gay,1969,Best Director,http://www.nndb.com/people/771/000032675/,Midnight Cowboy,John Schlesinger,tt0064665,https://www.imdb.com/title/tt0064665/
74,"Tokyo, Japan",30-May-20,White,Na,1.0,Straight,1970,Best Director,http://www.nndb.com/people/509/000032413/,Patton,Franklin J. Schaffner,tt0066206,https://www.imdb.com/title/tt0066206/
75,"Chicago, Il",29-Aug-35,White,Jewish,1.0,Straight,1972,Best Director,http://www.nndb.com/people/112/000024040/,The French Connection,William Friedkin,tt0067116,https://www.imdb.com/title/tt0067116/
76,"San Bernardino, Ca",30-Jan-30,White,Na,1.0,Straight,1972,Best Actor,http://www.nndb.com/people/878/000022812/,The French Connection,Gene Hackman,tt0067116,https://www.imdb.com/title/tt0067116/
77,"Chicago, Il",23-Jun-27,White,Na,1.0,Straight,1973,Best Director,http://www.nndb.com/people/159/000032063/,Cabaret,Bob Fosse,tt0068327,https://www.imdb.com/title/tt0068327/
78,"Cleveland, Oh",11-Apr-32,White,Jewish,1.0,Gay,1973,Best Supporting Actor,http://www.nndb.com/people/853/000048709/,Cabaret,Joel Grey,tt0068327,https://www.imdb.com/title/tt0068327/
79,"Los Angeles, Ca",12-Mar-46,White,Na,1.0,Na,1973,Best Actress,http://www.nndb.com/people/724/000024652/,Cabaret,Liza Minnelli,tt0068327,https://www.imdb.com/title/tt0068327/
80,"Minneapolis, Mn",20-Dec-21,White,Na,1.0,Straight,1973,Best Director,http://www.nndb.com/people/783/000032687/,The Sting,George Roy Hill,tt0070735,https://www.imdb.com/title/tt0070735/
81,"Detroit, Mi",7-Apr-39,White,Na,1.0,Straight,1975,Best Director,http://www.nndb.com/people/866/000022800/,The Godfather Part II,Francis Ford Coppola,tt0071562,https://www.imdb.com/title/tt0071562/
82,New York City,17-Aug-43,White,Roman Catholic,1.0,Straight,1975,Best Supporting Actor,http://www.nndb.com/people/765/000023696/,The Godfather Part II,Robert De Niro,tt0071562,https://www.imdb.com/title/tt0071562/
83,"CÌÁslav, Czechoslovakia",18-Feb-32,White,Na,1.0,Straight,1976,Best Director,http://www.nndb.com/people/622/000023553/,One Flew over the Cuckoo's Nest,Milos Forman,tt0073486,https://www.imdb.com/title/tt0073486/
84,"Oak Park, Il",21-Dec-35,White,Na,1.0,Straight,1976,Best Director,http://www.nndb.com/people/679/000032583/,Rocky,John G. Avildsen,tt0073629,https://www.imdb.com/title/tt0073629/
85,"Brooklyn, Ny",1-Dec-35,White,Jewish,1.0,Straight,1978,Best Director,http://www.nndb.com/people/501/000022435/,Annie Hall,Woody Allen,tt0075686,https://www.imdb.com/title/tt0075686/
86,"Los Angeles, Ca",5-Jan-46,White,Atheist,1.0,Straight,1978,Best Actress,http://www.nndb.com/people/879/000022813/,Annie Hall,Diane Keaton,tt0075686,https://www.imdb.com/title/tt0075686/
87,New York City,3-Feb-39,White,Na,1.0,Straight,1979,Best Director,http://www.nndb.com/people/810/000043681/,The Deer Hunter,Michael Cimino,tt0077416,https://www.imdb.com/title/tt0077416/
88,"Astoria, Ny",31-Mar-43,White,Na,1.0,Straight,1979,Best Supporting Actor,http://www.nndb.com/people/618/000022552/,The Deer Hunter,Christopher Walken,tt0077416,https://www.imdb.com/title/tt0077416/
89,New York City,3-Feb-39,White,Na,1.0,Straight,1979,Best Director,http://www.nndb.com/people/810/000043681/,The Deer Hunter,Michael Cimino,tt0077416,https://www.imdb.com/title/tt0077416/
90,"Waxahachie, Tx",29-Sep-32,White,Na,1.0,Straight,1980,Best Director,http://www.nndb.com/people/267/000064075/,Kramer vs. Kramer,Robert Benton,tt0079417,https://www.imdb.com/title/tt0079417/
91,"Los Angeles, Ca",8-Aug-37,White,Jewish,1.0,Straight,1980,Best Actor,http://www.nndb.com/people/882/000022816/,Kramer vs. Kramer,Dustin Hoffman,tt0079417,https://www.imdb.com/title/tt0079417/
92,"Summit, Nj",22-Jun-49,White,Na,1.0,Straight,1980,Best Supporting Actress,http://www.nndb.com/people/001/000024926/,Kramer vs. Kramer,Meryl Streep,tt0079417,https://www.imdb.com/title/tt0079417/
93,"Santa Monica, Ca",18-Aug-1936 [1],White,Na,1.0,Straight,1980,Best Director,http://www.nndb.com/people/795/000022729/,Ordinary People,Robert Redford,tt0081283,https://www.imdb.com/title/tt0081283/
94,"Richmond, Va",30-Mar-37,White,Baptist,1.0,Straight,1981,Best Director,http://www.nndb.com/people/719/000022653/,Reds,Warren Beatty,tt0082979,https://www.imdb.com/title/tt0082979/
95,"Cambridge, England",29-Aug-23,White,Na,1.0,Straight,1982,Best Director,http://www.nndb.com/people/750/000023681/,Gandhi,Richard Attenborough,tt0083987,https://www.imdb.com/title/tt0083987/
96,"North Bergen, Nj",9-May-40,White,Na,1.0,Straight,1983,Best Director,http://www.nndb.com/people/209/000024137/,Terms of Endearment,James L. Brooks,tt0086425,https://www.imdb.com/title/tt0086425/
97,"CÌÁslav, Czechoslovakia",18-Feb-32,White,Na,1.0,Straight,1985,Best Director,http://www.nndb.com/people/622/000023553/,Amadeus,Milos Forman,tt0086879,https://www.imdb.com/title/tt0086879/
98,"Pittsburgh, Pa",24-Oct-39,Middle Eastern,Na,1.0,Straight,1985,Best Actor,http://www.nndb.com/people/123/000024051/,Amadeus,F. Murray Abraham,tt0086879,https://www.imdb.com/title/tt0086879/
99,"Lafayette, In",1-Jul-34,White,Jewish,1.0,Straight,1986,Best Director,http://www.nndb.com/people/772/000023703/,Out of Africa,Sydney Pollack,tt0089755,https://www.imdb.com/title/tt0089755/
100,New York City,15-Sep-46,White,Atheist,1.0,Straight,1990,Best Director,http://www.nndb.com/people/545/000022479/,Platoon,Oliver Stone,tt0091763,https://www.imdb.com/title/tt0091763/
101,"Parma, Emilia-Romagna, Italy",16-Mar-41,White,Na,1.0,Straight,1988,Best Director,http://www.nndb.com/people/268/000024196/,The Last Emperor,Bernardo Bertolucci,tt0093389,https://www.imdb.com/title/tt0093389/
102,"Baltimore, Md",6-Apr-42,White,Jewish,0.6667,Straight,1989,Best Director,http://www.nndb.com/people/748/000023679/,Rain Man,Barry Levinson,tt0095953,https://www.imdb.com/title/tt0095953/
103,New York City,15-Sep-46,White,Atheist,1.0,Straight,1990,Best Director,http://www.nndb.com/people/545/000022479/,Born on the Fourth of July,Oliver Stone,tt0096969,https://www.imdb.com/title/tt0096969/
104,"Lynwood, Ca",18-Jan-55,White,Baptist,1.0,Straight,1991,Best Director,http://www.nndb.com/people/758/000022692/,Dances with Wolves,Kevin Costner,tt0099348,https://www.imdb.com/title/tt0099348/
105,"Baldwin, Ny",22-Feb-44,White,Na,1.0,Straight,1992,Best Director,http://www.nndb.com/people/578/000024506/,The Silence of the Lambs,Jonathan Demme,tt0102926,https://www.imdb.com/title/tt0102926/
106,"Los Angeles, Ca",19-Nov-62,White,Atheist,1.0,Lesbian,1992,Best Actress,http://www.nndb.com/people/756/000023687/,The Silence of the Lambs,Jodie Foster,tt0102926,https://www.imdb.com/title/tt0102926/
107,"San Francisco, Ca",31-May-30,White,Na,1.0,Straight,1993,Best Director,http://www.nndb.com/people/849/000022783/,Unforgiven,Clint Eastwood,tt0105695,https://www.imdb.com/title/tt0105695/
108,"San Bernardino, Ca",30-Jan-30,White,Na,1.0,Straight,1993,Best Supporting Actor,http://www.nndb.com/people/878/000022812/,Unforgiven,Gene Hackman,tt0105695,https://www.imdb.com/title/tt0105695/
109,"Cincinnati, Oh",18-Dec-46,White,Jewish,1.0,Straight,1994,Best Director,http://www.nndb.com/people/734/000022668/,Schindler's List,Steven Spielberg,tt0108052,https://www.imdb.com/title/tt0108052/
110,"Chicago, Il",14-May-52,White,Roman Catholic,1.0,Straight,1995,Best Director,http://www.nndb.com/people/224/000025149/,Forrest Gump,Robert Zemeckis,tt0109830,https://www.imdb.com/title/tt0109830/
111,"Concord, Ca",9-Jul-56,White,Born-Again Christian,1.0,Straight,1995,Best Actor,http://www.nndb.com/people/687/000022621/,Forrest Gump,Tom Hanks,tt0109830,https://www.imdb.com/title/tt0109830/
112,"Peekskill, Ny",3-Jan-56,White,Roman Catholic,1.0,Straight,1996,Best Director,http://www.nndb.com/people/583/000022517/,Braveheart,Mel Gibson,tt00112573,https://www.imdb.com/title/tt00112573/
113,"Ryde, Isle of Wight, England",6-Jan-54,White,Na,1.0,Straight,1997,Best Director,http://www.nndb.com/people/513/000032417/,The English Patient,Anthony Minghella,tt0116209,https://www.imdb.com/title/tt0116209/
114,"Paris, France",9-Mar-64,White,Na,1.0,Straight,1997,Best Supporting Actress,http://www.nndb.com/people/970/000025895/,The English Patient,Juliette Binoche,tt0116209,https://www.imdb.com/title/tt0116209/
115,"Kapuskasing, Ontario, Canada",16-Aug-54,White,Atheist,0.6667,Straight,1998,Best Director,http://www.nndb.com/people/385/000025310/,Titanic,James Cameron,tt0120338,https://www.imdb.com/title/tt0120338/
116,"Cincinnati, Oh",18-Dec-46,White,Jewish,1.0,Straight,1999,Best Director,http://www.nndb.com/people/734/000022668/,Saving Private Ryan,Steven Spielberg,tt0120815,https://www.imdb.com/title/tt0120815/
117,"Reading, Berkshire, England",1-Aug-65,White,Na,1.0,Straight,2000,Best Director,http://www.nndb.com/people/059/000025981/,American Beauty,Sam Mendes,tt0169547,https://www.imdb.com/title/tt0169547/
118,"South Orange, Nj",26-Jul-59,White,Na,1.0,Matter of Dispute,2000,Best Actor,http://www.nndb.com/people/591/000023522/,American Beauty,Kevin Spacey,tt0169547,https://www.imdb.com/title/tt0169547/
119,"Atlanta, Ga",14-Jan-63,White,Atheist,1.0,Straight,2001,Best Director,http://www.nndb.com/people/907/000025832/,Traffic,Steven Soderbergh,tt0181865,https://www.imdb.com/title/tt0181865/
120,"Santurce, Puerto Rico",19-Feb-67,Hispanic,Na,1.0,Straight,2001,Best Supporting Actor,http://www.nndb.com/people/087/000026009/,Traffic,Benicio Del Toro,tt0181865,https://www.imdb.com/title/tt0181865/
121,"Duncan, Ok",1-Mar-54,White,Na,1.0,Straight,2002,Best Director,http://www.nndb.com/people/365/000025290/,A Beautiful Mind,Ron Howard,tt0268978,https://www.imdb.com/title/tt0268978/
122,"Catskill Mountains, Ny",12-Dec-70,White,Jewish,1.0,Straight,2002,Best Supporting Actress,http://www.nndb.com/people/240/000026162/,A Beautiful Mind,Jennifer Connelly,tt0268978,https://www.imdb.com/title/tt0268978/
123,"Paris, France",18-Aug-33,White,See Note,0.3333,Straight,2003,Best Director,http://www.nndb.com/people/541/000023472/,The Pianist,Roman Polanski,tt0253474,https://www.imdb.com/title/tt0253474/
124,New York City,14-Apr-73,White,Jewish,1.0,Straight,2003,Best Actor,http://www.nndb.com/people/112/000026034/,The Pianist,Adrien Brody,tt0253474,https://www.imdb.com/title/tt0253474/
125,"Wellington, New Zealand",31-Oct-61,White,Na,1.0,Straight,2004,Best Director,http://www.nndb.com/people/848/000025773/,The Lord of the Rings: Return of the King,Peter Jackson,tt0167260,https://www.imdb.com/title/tt0167260/
126,"San Francisco, Ca",31-May-30,White,Na,1.0,Straight,2005,Best Director,http://www.nndb.com/people/849/000022783/,Million Dollar Baby,Clint Eastwood,tt0405159,https://www.imdb.com/title/tt0405159/
127,"Memphis, Tn",1-Jun-37,Black,Na,1.0,Straight,2005,Best Supporting Actor,http://www.nndb.com/people/982/000023913/,Million Dollar Baby,Morgan Freeman,tt0405159,https://www.imdb.com/title/tt0405159/
128,"Lincoln, Ne",30-Jul-74,White,Na,1.0,Straight,2005,Best Actress,http://www.nndb.com/people/333/000026255/,Million Dollar Baby,Hilary Swank,tt0405159,https://www.imdb.com/title/tt0405159/
129,"Lincoln, Ne",30-Jul-74,White,Na,1.0,Straight,2005,Best Actress,http://www.nndb.com/people/333/000026255/,Million Dollar Baby,Hilary Swank,tt0405159,https://www.imdb.com/title/tt0405159/
130,"Lincoln, Ne",30-Jul-74,White,Na,1.0,Straight,2005,Best Actress,http://www.nndb.com/people/333/000026255/,Million Dollar Baby,Hilary Swank,tt0405159,https://www.imdb.com/title/tt0405159/
131,"Pingtung, Taiwan",23-Oct-54,Asian,Na,1.0,Straight,2006,Best Director,http://www.nndb.com/people/394/000025319/,Brokeback Mountain,Ang Lee,tt0388795,https://www.imdb.com/title/tt0388795/
132,"Flushing, Ny",17-Nov-42,White,Roman Catholic,1.0,Straight,2007,Best Director,http://www.nndb.com/people/678/000022612/,The Departed,Martin Scorsese,tt0407887,https://www.imdb.com/title/tt0407887/
133,"Manchester, England",20-Oct-56,White,Roman Catholic,0.9624,Straight,2009,Best Director,http://www.nndb.com/people/887/000044755/,Slumdog Millionaire,Danny Boyle,tt1010048,https://www.imdb.com/title/tt1010048/
134,"Manchester, England",20-Oct-56,White,Roman Catholic,1.0,Straight,2009,Best Director,http://www.nndb.com/people/887/000044755/,Slumdog Millionaire,Danny Boyle,tt1010048,https://www.imdb.com/title/tt1010048/
135,"San Carlos, Ca",27-Nov-51,White,Na,1.0,Straight,2009,Best Director,http://www.nndb.com/people/837/000079600/,The Hurt Locker,Kathryn Bigelow,tt0887912,https://www.imdb.com/title/tt0887912/
136,"London, England",1972,White,Na,1.0,Na,2011,Best Director,http://www.nndb.com/people/093/000268286/,The King's Speech,Tom Hooper,tt1504320,https://www.imdb.com/title/tt1504320/
137,"Grayshott, Hampshire, England",10-Sep-60,White,Na,1.0,Straight,2011,Best Actor,http://www.nndb.com/people/813/000043684/,The King's Speech,Colin Firth,tt1504320,https://www.imdb.com/title/tt1504320/
138,"Paris, France",29-Mar-67,White,Jewish,1.0,Straight,2012,Best Director,http://www.nndb.com/people/302/000281456/,The Artist,Michel Hazanavicius,tt1655442,https://www.imdb.com/title/tt1655442/
139,"Rueil-Malmaison, Hauts-De-Seine, France",19-Jun-72,White,Na,1.0,Straight,2012,Best Actor,http://www.nndb.com/people/303/000281457/,The Artist,Jean Dujardin,tt1655442,https://www.imdb.com/title/tt1655442/
140,"Pingtung, Taiwan",23-Oct-54,Asian,Na,1.0,Straight,2013,Best Director,http://www.nndb.com/people/394/000025319/,Life of Pi,Ang Lee,tt0454876,https://www.imdb.com/title/tt0454876/
141,"Rorschach, Switzerland",23-Jul-1884,White,Na,1.0,Bisexual,1929,Best Actor,http://www.nndb.com/people/738/000063549/,The Last Command,Emil Jannings,tt0019071,https://www.imdb.com/title/tt0019071/
142,"Columbus, Oh",29-Mar-1889,White,Na,1.0,Straight,1930,Best Actor,http://www.nndb.com/people/739/000063550/,In Old Arizona,Warner Baxter,tt0020018,https://www.imdb.com/title/tt0020018/
143,"London, England",10-Apr-1868,White,Na,0.6897,Straight,1930,Best Actor,http://www.nndb.com/people/740/000063551/,Desraeli,George Arliss,tt0019823,https://www.imdb.com/title/tt0019823/
144,"Philadelphia, Pa",28-Apr-1878,White,Roman Catholic,1.0,Straight,1931,Best Actor,http://www.nndb.com/people/741/000043612/,A Free Soul,Lionel Barrymore,tt0021885,https://www.imdb.com/title/tt0021885/
145,"Kansas City, Mo",1-Apr-1885,White,Na,1.0,Straight,1932,Best Actor,http://www.nndb.com/people/976/000043847/,The Champ,Wallace Beery,tt0021730,https://www.imdb.com/title/tt0021730/
146,"Victoria Hotel, Scarborough, Yorkshire, England",1-Jul-1899,White,Roman Catholic,1.0,Gay,1934,Best Actor,http://www.nndb.com/people/884/000042758/,The Private Life of Henry VIII,Charles Laughton,tt0024473,https://www.imdb.com/title/tt0024473/
147,"Lviv, Ukraine",22-Sep-1895,White,Jewish,1.0,Straight,1937,Best Actor,http://www.nndb.com/people/741/000063552/,The Story of Louis Pasteur,Paul Muni,tt0028313,https://www.imdb.com/title/tt0028313/
148,"Milwaukee, Wi",5-Apr-1900,White,Roman Catholic,1.0,Straight,1938,Best Actor,http://www.nndb.com/people/979/000024907/,Captains Courageous,Spencer Tracy,tt0028691,https://www.imdb.com/title/tt0028691/
149,"Milwaukee, Wi",5-Apr-1900,White,Roman Catholic,1.0,Straight,1939,Best Actor,http://www.nndb.com/people/979/000024907/,Boys Town,Spencer Tracy,tt0029942,https://www.imdb.com/title/tt0029942/
150,"Withington, Manchester, England",18-Mar-05,White,Na,1.0,Straight,1940,Best Actor,http://www.nndb.com/people/742/000063553/,Goodbye Mr. Chips,Robert Donat,tt0031385,https://www.imdb.com/title/tt0031385/
151,"Indiana, Pa",20-May-08,White,Presbyterian,1.0,Straight,1941,Best Actor,http://www.nndb.com/people/659/000026581/,The Philadelphia Story,Jimmy Stewart,tt0032904,https://www.imdb.com/title/tt0032904/
152,"Helena, Mt",7-May-1901,White,Roman Catholic,1.0,Straight,1942,Best Actor,http://www.nndb.com/people/740/000031647/,Sergeant York,Gary Cooper,tt0034167,https://www.imdb.com/title/tt0034167/
153,"Manhattan, Ny",17-Jul-1899,White,Roman Catholic,1.0,Straight,1943,Best Actor,http://www.nndb.com/people/798/000024726/,Yankee Doodle Dandy,James Cagney,tt0035575,https://www.imdb.com/title/tt0035575/
154,"Budapest, Hungary",26-May-1887,White,Na,1.0,Straight,1944,Best Actor,http://www.nndb.com/people/713/000042587/,Watch on the Rhine,Paul Lukas,tt0036515,https://www.imdb.com/title/tt0036515/
155,"Richmond, Surrey, England",9-Feb-1891,White,Na,1.0,Straight,1948,Best Actor,http://www.nndb.com/people/619/000042493/,A Double Life,Ronald Colman,tt0039335,https://www.imdb.com/title/tt0039335/
156,"Dorking, Surrey, England",22-May-07,White,Na,1.0,Bisexual,1949,Best Actor,http://www.nndb.com/people/607/000022541/,Hamlet,Laurence Olivier,tt0040416,https://www.imdb.com/title/tt0040416/
157,"Philadelphia, Pa",9-Dec-11,White,Na,1.0,Straight,1950,Best Actor,http://www.nndb.com/people/744/000063555/,All The King's Men,Broderick Crawford,tt0041113,https://www.imdb.com/title/tt0041113/
158,"Santurce, Puerto Rico",8-Jan-09,Hispanic,Na,1.0,Straight,1951,Best Actor,http://www.nndb.com/people/311/000026233/,Cyrano de Bergerac,Jose Ferrer,tt0042367,https://www.imdb.com/title/tt0042367/
159,New York City,25-Dec-1899,White,Na,1.0,Straight,1952,Best Actor,http://www.nndb.com/people/837/000024765/,The Africa Queen,Humphrey Bogart,tt0043265,https://www.imdb.com/title/tt0043265/
160,"Helena, Mt",7-May-1901,White,Roman Catholic,1.0,Straight,1953,Best Actor,http://www.nndb.com/people/740/000031647/,High Noon,Gary Cooper,tt0044706,https://www.imdb.com/title/tt0044706/
161,"Helena, Mt",7-May-1901,White,Roman Catholic,1.0,Straight,1953,Best Actor,http://www.nndb.com/people/740/000031647/,High Noon,Gary Cooper,tt0044706,https://www.imdb.com/title/tt0044706/
162,"O'fallon, Il",17-Apr-18,White,Na,1.0,Straight,1954,Best Actor,http://www.nndb.com/people/210/000022144/,Stalag 17,William Holden,tt0046359,https://www.imdb.com/title/tt0046359/
163,"Vladivostok, Russia",11-Jul-20,White,Na,1.0,Straight,1957,Best Actor,http://www.nndb.com/people/459/000026381/,The King and I,Yul Brynner,tt0049408,https://www.imdb.com/title/tt0049408/
164,"London, England",1-Mar-09,White,Na,1.0,Straight,1959,Best Actor,http://www.nndb.com/people/690/000031597/,Separate Tables,David Niven,tt0052182,https://www.imdb.com/title/tt0052182/
165,"Bramhall, Cheshire, England",15-Aug-12,White,Na,1.0,Straight,1959,Best Supporting Actress,http://www.nndb.com/people/056/000063864/,Separate Tables,Wendy Hiller,tt0052182,https://www.imdb.com/title/tt0052182/
166,"Evanston, Il",4-Oct-23,White,Protestant,1.0,Straight,1960,Best Actor,http://www.nndb.com/people/961/000022895/,Ben-hur,Charlton Heston,tt0052618,https://www.imdb.com/title/tt0052618/
167,New York City,2-Nov-13,White,Protestant,1.0,Straight,1961,Best Actor,http://www.nndb.com/people/938/000031845/,Elmer Gantry,Burt Lancaster,tt0053793,https://www.imdb.com/title/tt0053793/
168,"Charleroi, Pa",31-Mar-34,White,Methodist,1.0,Straight,1961,Best Supporting Actress,http://www.nndb.com/people/795/000023726/,Elmer Gantry,Shirley Jones,tt0053793,https://www.imdb.com/title/tt0053793/
169,"Vienna, Austria",8-Dec-30,White,Na,1.0,Straight,1962,Best Actor,http://www.nndb.com/people/351/000023282/,Judgement at Nuremberg,Maximilian Schell,tt0055031,https://www.imdb.com/title/tt0055031/
170,"La Jolla, Ca",5-Apr-16,White,Roman Catholic,1.0,Straight,1963,Best Actor,http://www.nndb.com/people/774/000023705/,To Kill a Mockingbird,Gregory Peck,tt0056592,https://www.imdb.com/title/tt0056592/
171,"Miami, Fl",20-Feb-27,Black,Deist,1.0,Straight,1964,Best Actor,http://www.nndb.com/people/200/000023131/,Lilies of the Field,Sidney Poitier,tt0057251,https://www.imdb.com/title/tt0057251/
172,New York City,19-Feb-24,White,Na,1.0,Straight,1966,Best Actor,http://www.nndb.com/people/314/000026236/,Cat Ballou,Lee Marvin,tt0059017,https://www.imdb.com/title/tt0059017/
173,"Hurstpierpoint, West Sussex, England",21-Jan-22,White,Na,1.0,Straight,1967,Best Actor,http://www.nndb.com/people/950/000033851/,A Man For All Seasons,Paul Scofield,tt0060665,https://www.imdb.com/title/tt0060665/
174,"Westhampton, Ny",14-Apr-25,White,Lutheran,1.0,Straight,1968,Best Actor,http://www.nndb.com/people/762/000026684/,In the Heat of the Night,Rod Steiger,tt0061811,https://www.imdb.com/title/tt0061811/
175,"La Jolla, Ca",9-Sep-23,White,Na,1.0,Straight,1969,Best Actor,http://www.nndb.com/people/134/000023065/,Charly,Cliff Robertson,tt0062794,https://www.imdb.com/title/tt0062794/
176,"Winterset, Ia",26-May-07,White,Roman Catholic,1.0,Straight,1970,Best Actor,http://www.nndb.com/people/605/000023536/,True Grit,John Wayne,tt0065126,https://www.imdb.com/title/tt0065126/
177,"Wise, Va",18-Oct-27,White,Na,1.0,Straight,1971,Best Actor,http://www.nndb.com/people/025/000022956/,Patton,George C. Scott,tt0066206,https://www.imdb.com/title/tt0066206/
178,"Omaha, Ne",3-Apr-24,White,Deist,1.0,Bisexual,1973,Best Actor,http://www.nndb.com/people/721/000022655/,The Godfather,Marlon Brando,tt0068646,https://www.imdb.com/title/tt0068646/
179,"Newton, Ma",8-Feb-25,White,Roman Catholic,1.0,Straight,1974,Best Actor,http://www.nndb.com/people/714/000026636/,Save the Tiger,Jack Lemmon,tt0070640,https://www.imdb.com/title/tt0070640/
180,"Mount Vernon, Ny",4-Nov-18,White,Na,1.0,Straight,1975,Best Actor,http://www.nndb.com/people/182/000025107/,Harry and Tonto,Art Carney,tt0071598,https://www.imdb.com/title/tt0071598/
181,New York City,22-Apr-37,White,Atheist,1.0,Straight,1976,Best Actor,http://www.nndb.com/people/722/000022656/,One Flew Over the Cuckoo's Nest,Jack Nicholson,tt0073486,https://www.imdb.com/title/tt0073486/
182,"Birmingham, Al",22-Jul-34,White,Na,1.0,Straight,1976,Best Actress,http://www.nndb.com/people/798/000063609/,One Flew Over the Cuckoo's Nest,Louise Fletcher,tt0073486,https://www.imdb.com/title/tt0073486/
183,"South Kensington, London, England",28-Sep-16,White,Na,1.0,Straight,1977,Best Actor,http://www.nndb.com/people/745/000063556/,Network,Peter Finch,tt0074958,https://www.imdb.com/title/tt0074958/
184,"Bascom, Fl",14-Jan-41,White,Roman Catholic,1.0,Straight,1977,Best Actress,http://www.nndb.com/people/884/000022818/,Network,Faye Dunaway,tt0074958,https://www.imdb.com/title/tt0074958/
185,"Old Westbury, Ny",2-Aug-14,White,Na,1.0,Straight,1977,Best Supporting Actress,http://www.nndb.com/people/817/000063628/,Network,Beatrice Straight,tt0074958,https://www.imdb.com/title/tt0074958/
186,"Bascom, Fl",14-Jan-41,White,Roman Catholic,1.0,Straight,1977,Best Actress,http://www.nndb.com/people/884/000022818/,Network,Faye Dunaway,tt0074958,https://www.imdb.com/title/tt0074958/
187,"Brooklyn, Ny",29-Oct-47,White,Jewish,1.0,Straight,1978,Best Actor,http://www.nndb.com/people/814/000022748/,The Goodbye Girl,Richard Dreyfuss,tt0076095,https://www.imdb.com/title/tt0076095/
188,"Yonkers, Ny",29-Dec-38,White,Roman Catholic,1.0,Straight,1979,Best Actor,http://www.nndb.com/people/060/000023988/,Coming Home,Jon Voight,tt0077362,https://www.imdb.com/title/tt0077362/
189,New York City,21-Dec-37,White,Born-Again Christian,1.0,Straight,1979,Best Actress,http://www.nndb.com/people/637/000022571/,Coming Home,Jane Fonda,tt0077362,https://www.imdb.com/title/tt0077362/
190,New York City,17-Aug-43,White,Roman Catholic,1.0,Straight,1981,Best Actor,http://www.nndb.com/people/765/000023696/,Raging Bull,Robert De Niro,tt0081398,https://www.imdb.com/title/tt0081398/
191,"Grand Island, Ne",16-May-05,White,Na,1.0,Straight,1982,Best Actor,http://www.nndb.com/people/496/000026418/,On Golden Pond,Henry Fonda,tt0082846,https://www.imdb.com/title/tt0082846/
192,"Hartford, Ct",12-May-07,White,Atheist,1.0,Bisexual,1982,Best Actress,http://www.nndb.com/people/775/000023706/,On Golden Pond,Katharine Hepburn,tt0082846,https://www.imdb.com/title/tt0082846/
193,"Scarborough, Yorkshire, England",31-Dec-43,Multiracial,Quaker,1.0,Straight,1983,Best Actor,http://www.nndb.com/people/519/000024447/,Gandhi,Ben Kingsley,tt0083987,https://www.imdb.com/title/tt0083987/
194,"San Diego, Ca",5-Jan-31,White,Na,1.0,Straight,1984,Best Actor,http://www.nndb.com/people/008/000022939/,Tender Mercies,Robert Duvall,tt0086423,https://www.imdb.com/title/tt0086423/
195,"Washington, Dc",20-Mar-50,White,Lutheran,1.0,Straight,1986,Best Actor,http://www.nndb.com/people/683/000023614/,Kiss of the Spider Woman,William Hurt,tt0089424,https://www.imdb.com/title/tt0089424/
196,"Shaker Heights, Oh",26-Jan-25,White,Jewish,1.0,Straight,1987,Best Actor,http://www.nndb.com/people/804/000022738/,The Color of Money,Paul Newman,tt0090863,https://www.imdb.com/title/tt0090863/
197,"New Brunswick, Nj",25-Sep-44,White,Jewish,1.0,Straight,1988,Best Actor,http://www.nndb.com/people/614/000024542/,Wall Street,Michael Douglas,tt0094291,https://www.imdb.com/title/tt0094291/
198,"Los Angeles, Ca",8-Aug-37,White,Jewish,1.0,Straight,1989,Best Actor,http://www.nndb.com/people/882/000022816/,Rainman,Dustin Hoffman,tt0095953,https://www.imdb.com/title/tt0095953/
199,"London, England",29-Apr-57,White,Na,1.0,Straight,1990,Best Actor,http://www.nndb.com/people/788/000022722/,My Left Foot,Daniel Day-Lewis,tt0097937,https://www.imdb.com/title/tt0097937/
200,"Dublin, Ireland",17-Feb-45,White,Na,1.0,Straight,1990,Best Supporting Actress,http://www.nndb.com/people/815/000063626/,My Left Foot,Brenda Fricker,tt0097937,https://www.imdb.com/title/tt0097937/
201,"Cowes, Isle of Wight, England",19-Sep-48,White,Na,1.0,Straight,1991,Best Actor,http://www.nndb.com/people/594/000023525/,Reversal of Fortune,Jeremy Irons,tt0100486,https://www.imdb.com/title/tt0100486/
202,"Port Talbot, Wales",31-Dec-37,White,Na,1.0,Straight,1992,Best Actor,http://www.nndb.com/people/005/000023933/,Silence of the Lambs,Anthony Hopkins,tt0102926,https://www.imdb.com/title/tt0102926/
203,"East Harlem, New York City",25-Apr-40,White,Roman Catholic,1.0,Straight,1993,Best Actor,http://www.nndb.com/people/880/000022814/,Scent of a Woman,Al Pacino,tt0105323,https://www.imdb.com/title/tt0105323/
204,"Concord, Ca",9-Jul-56,White,Born-Again Christian,1.0,Straight,1994,Best Actor,http://www.nndb.com/people/687/000022621/,Philadelphia,Tom Hanks,tt0107818,https://www.imdb.com/title/tt0107818/
205,"Concord, Ca",9-Jul-56,White,Born-Again Christian,1.0,Straight,1994,Best Actor,http://www.nndb.com/people/687/000022621/,Philadelphia,Tom Hanks,tt0107818,https://www.imdb.com/title/tt0107818/
206,"Long Beach, Ca",7-Jan-64,White,Roman Catholic,1.0,Straight,1996,Best Actor,http://www.nndb.com/people/751/000022685/,Leaving Las Vegas,Nicolas Cage,tt0113627,https://www.imdb.com/title/tt0113627/
207,"Toowoomba, Queensland, Australia",6-Jul-51,White,Na,1.0,Straight,1997,Best Actor,http://www.nndb.com/people/126/000025051/,Shine,Geoffrey Rush,tt0117631,https://www.imdb.com/title/tt0117631/
208,New York City,22-Apr-37,White,Atheist,1.0,Straight,1997,Best Actor,http://www.nndb.com/people/722/000022656/,As Good as It Gets,Jack Nicholson,tt0119822,https://www.imdb.com/title/tt0119822/
209,"Misericordia, Arezzo, Tuscany, Italy",27-Oct-52,White,Na,1.0,Straight,1999,Best Actor,http://www.nndb.com/people/259/000025184/,Life is Beautiful,Roberto Benigni,tt0118799,https://www.imdb.com/title/tt0118799/
210,"Wellington, New Zealand",7-Apr-64,White,Na,0.6562,Straight,2001,Best Actor,http://www.nndb.com/people/782/000022716/,Gladiator,Russell Crowe,tt0172495,https://www.imdb.com/title/tt0172495/
211,"Mount Vernon, Ny",28-Dec-54,Black,Protestant,1.0,Straight,2002,Best Actor,http://www.nndb.com/people/665/000023596/,Training Day,Denzel Washington,tt0139654,https://www.imdb.com/title/tt0139654/
212,"Burbank, Ca",17-Aug-60,White,Roman Catholic,1.0,Straight,2003,Best Actor,http://www.nndb.com/people/331/000025256/,Mystic River,Sean Penn,tt0327056,https://www.imdb.com/title/tt0327056/
213,"Terrell, Tx",13-Dec-67,Black,Baptist,1.0,Straight,2005,Best Actor,http://www.nndb.com/people/113/000026035/,Ray,Jamie Foxx,tt0350258,https://www.imdb.com/title/tt0350258/
214,"Fairport, Ny",23-Jul-67,White,Na,1.0,Straight,2006,Best Actor,http://www.nndb.com/people/409/000027328/,Capote,Philip Seymour Hoffman,tt0379725,https://www.imdb.com/title/tt0379725/
215,"Longview, Tx",15-Jul-61,Black,Na,1.0,Straight,2007,Best Actor,http://www.nndb.com/people/833/000025758/,The Last King of Scotland,Forest Whitaker,tt0455590,https://www.imdb.com/title/tt0455590/
216,"London, England",29-Apr-57,White,Na,1.0,Straight,2008,Best Actor,http://www.nndb.com/people/788/000022722/,There Will Be Blood,Daniel Day-Lewis,tt0469494,https://www.imdb.com/title/tt0469494/
217,"Burbank, Ca",17-Aug-60,White,Roman Catholic,1.0,Straight,2009,Best Actor,http://www.nndb.com/people/331/000025256/,Milk,Sean Penn,tt1013753,https://www.imdb.com/title/tt1013753/
218,"Los Angeles, Ca",4-Dec-49,White,Lutheran,1.0,Straight,2010,Best Actor,http://www.nndb.com/people/779/000022713/,Crazy Heart,Jeff Bridges,tt1263670,https://www.imdb.com/title/tt1263670/
219,"London, England",29-Apr-57,White,Na,1.0,Straight,2013,Best Actor,http://www.nndb.com/people/788/000022722/,Lincoln,Daniel Day-Lewis,tt0443272,https://www.imdb.com/title/tt0443272/
220,"Uvalde, Tx",4-Nov-69,White,Na,1.0,Straight,2014,Best Actor,http://www.nndb.com/people/583/000023514/,Dallas Buyers Club,Matthew McConaughey,tt0790636,https://www.imdb.com/title/tt0790636/
221,"Bossier City, La",26-Dec-71,White,Na,1.0,Straight,2014,Best Supporting Actor,http://www.nndb.com/people/438/000026360/,Dallas Buyers Club,Jared Leto,tt0790636,https://www.imdb.com/title/tt0790636/
222,"Swampscott, Ma",25-Jul-1894,White,Na,1.0,Straight,1938,Best Supporting Actor,http://www.nndb.com/people/347/000032251/,Come and Get It,Walter Brennan,tt0027459,https://www.imdb.com/title/tt0027459/
223,"Vienna, Austria",22-Mar-1896,White,Na,1.0,Straight,1938,Best Supporting Actor,http://www.nndb.com/people/115/000063923/,The Life of Emile Zola,Joseph Schildkraut,tt0029146,https://www.imdb.com/title/tt0029146/
224,"Swampscott, Ma",25-Jul-1894,White,Na,1.0,Straight,1939,Best Supporting Actor,http://www.nndb.com/people/347/000032251/,Kentucky,Walter Brennan,tt0030317,https://www.imdb.com/title/tt0030317/
225,"Elizabeth, Nj",11-Jul-1892,White,Na,1.0,Straight,1940,Best Supporting Actor,http://www.nndb.com/people/116/000063924/,Stagecoach,Thomas Mitchell,tt0031971,https://www.imdb.com/title/tt0031971/
226,"Swampscott, Ma",25-Jul-1894,White,Na,1.0,Straight,1941,Best Supporting Actor,http://www.nndb.com/people/347/000032251/,The Westerner,Walter Brennan,tt0033253,https://www.imdb.com/title/tt0033253/
227,"Walters, Ok",13-Dec-10,White,Na,1.0,Straight,1943,Best Supporting Actor,http://www.nndb.com/people/680/000042554/,Johnny Eager,Van Heflin,tt0033774,https://www.imdb.com/title/tt0033774/
228,"Walters, Ok",13-Dec-10,White,Na,1.0,Straight,1943,Best Supporting Actor,http://www.nndb.com/people/680/000042554/,Johnny Eager,Van Heflin,tt0033774,https://www.imdb.com/title/tt0033774/
229,"Savannah, Ga",17-Jun-1877,White,Na,1.0,Straight,1944,Best Supporting Actor,http://www.nndb.com/people/127/000063935/,The More the Merrier,Charles Coburn,tt0036172,https://www.imdb.com/title/tt0036172/
230,New York City,2-Nov-1901,White,Na,1.0,Straight,1946,Best Supporting Actor,http://www.nndb.com/people/125/000063933/,A Tree Grows in Brooklyn,James Dunn,tt0038190,https://www.imdb.com/title/tt0038190/
231,"Vale of Glamorgan, Wales",26-Sep-1875,White,Na,1.0,Na,1948,Best Supporting Actor,http://www.nndb.com/people/123/000063931/,Miracle on 34th Street,Edmund Gwenn,tt0039628,https://www.imdb.com/title/tt0039628/
232,"Lima, Oh",7-Nov-1903,White,Na,1.0,Straight,1950,Best Supporting Actor,http://www.nndb.com/people/121/000063929/,Twelve O'Clock High,Dean Jagger,tt0041996,https://www.imdb.com/title/tt0041996/
233,"Chicago, Il",22-Mar-12,White,Na,1.0,Straight,1952,Best Supporting Actor,http://www.nndb.com/people/553/000022487/,A Streetcar Named Desire,Karl Malden,tt0044081,https://www.imdb.com/title/tt0044081/
234,"Darjeeling, India",5-Nov-13,White,Roman Catholic,1.0,Straight,1952,Best Actress,http://www.nndb.com/people/470/000022404/,A Streetcar Named Desire,Vivien Leigh,tt0044081,https://www.imdb.com/title/tt0044081/
235,"Detroit, Mi",12-Nov-22,White,Na,0.6897,Straight,1952,Best Supporting Actress,http://www.nndb.com/people/501/000051348/,A Streetcar Named Desire,Kim Hunter,tt0044081,https://www.imdb.com/title/tt0044081/
236,"Chihuahua, Mexico",21-Apr-15,Hispanic,Na,1.0,Straight,1953,Best Supporting Actor,http://www.nndb.com/people/228/000032132/,Viva Zapata!,Anthony Quinn,tt0045296,https://www.imdb.com/title/tt0045296/
237,New York City,10-Sep-15,White,Roman Catholic,1.0,Straight,1955,Best Supporting Actor,http://www.nndb.com/people/620/000042494/,The Barefoot Contessa,Edmond O'Brien,tt0046754,https://www.imdb.com/title/tt0046754/
238,"Newton, Ma",8-Feb-25,White,Roman Catholic,1.0,Straight,1956,Best Supporting Actor,http://www.nndb.com/people/714/000026636/,Mister Roberts,Jack Lemmon,tt0048380,https://www.imdb.com/title/tt0048380/
239,"Chihuahua, Mexico",21-Apr-15,Hispanic,Na,1.0,Straight,1957,Best Supporting Actor,http://www.nndb.com/people/228/000032132/,Lust for Life,Anthony Quinn,tt0049456,https://www.imdb.com/title/tt0049456/
240,New York City,5-Feb-19,White,Jewish,1.0,Straight,1958,Best Supporting Actor,http://www.nndb.com/people/820/000022754/,Sayonara,Red Buttons,tt0050933,https://www.imdb.com/title/tt0050933/
241,"Otaro, Hokkaido, Japan",3-Apr-29,Asian,Na,1.0,Straight,1958,Best Supporting Actress,http://www.nndb.com/people/091/000063899/,Sayonara,Miyoshi Umeki,tt0050933,https://www.imdb.com/title/tt0050933/
242,"Hunt City, Il",14-Jun-09,White,Na,1.0,Straight,1959,Best Supporting Actor,http://www.nndb.com/people/679/000042553/,The Big Country,Burl Ives,tt0051411,https://www.imdb.com/title/tt0051411/
243,"London, England",16-Apr-21,White,Na,1.0,Straight,1961,Best Supporting Actor,http://www.nndb.com/people/810/000022744/,Spartacus,Peter Ustinov,tt0054331,https://www.imdb.com/title/tt0054331/
244,"Hartford, Ct",25-Mar-1901,White,Na,1.0,Straight,1963,Best Supporting Actor,http://www.nndb.com/people/915/000043786/,Sweet Bird of Youth,"Ed Begley, Sr.",tt0056541,https://www.imdb.com/title/tt0056541/
245,"Macon, Ga",5-Apr-1901,White,Jewish,1.0,Straight,1964,Best Supporting Actor,http://www.nndb.com/people/100/000063908/,Hud,Melvyn Douglas,tt0057163,https://www.imdb.com/title/tt0057163/
246,"Packard, Ky",20-Jan-26,White,Roman Catholic,1.0,Straight,1964,Best Actress,http://www.nndb.com/people/226/000042100/,Hud,Patricia Neal,tt0057163,https://www.imdb.com/title/tt0057163/
247,"London, England",16-Apr-21,White,Na,1.0,Straight,1965,Best Supporting Actor,http://www.nndb.com/people/810/000022744/,Topkapi,Peter Ustinov,tt0058672,https://www.imdb.com/title/tt0058672/
248,"Bronx, Ny",4-Nov-19,White,Na,1.0,Straight,1966,Best Supporting Actor,http://www.nndb.com/people/111/000063919/,A Thousand Clowns,Martin Balsam,tt0059798,https://www.imdb.com/title/tt0059798/
249,New York City,1-Oct-20,White,Jewish,1.0,Straight,1967,Best Supporting Actor,http://www.nndb.com/people/768/000023699/,The Fortune Cookie,Walter Matthau,tt0060424,https://www.imdb.com/title/tt0060424/
250,New York City,18-Feb-25,White,Na,1.0,Straight,1968,Best Supporting Actor,http://www.nndb.com/people/001/000022932/,Cool Hand Luke,George Kennedy,tt0061512,https://www.imdb.com/title/tt0061512/
251,"Malden, Ma",16-Jun-07,White,Na,1.0,Na,1969,Best Supporting Actor,http://www.nndb.com/people/559/000049412/,The Subject Was Roses,Jack Albertson,tt0063654,https://www.imdb.com/title/tt0063654/
252,"Malden, Ma",16-Jun-07,White,Na,1.0,Na,1969,Best Supporting Actor,http://www.nndb.com/people/559/000049412/,The Subject Was Roses,Jack Albertson,tt0063654,https://www.imdb.com/title/tt0063654/
253,"St. Cloud, Mn",4-Nov-13,White,Na,1.0,Straight,1970,Best Supporting Actor,http://www.nndb.com/people/110/000063918/,"They Shoot Horses, Don't They?",Gig Young,tt0065088,https://www.imdb.com/title/tt0065088/
254,"Felixstowe, Suffolk, England",22-Feb-08,White,Na,1.0,Straight,1971,Best Supporting Actor,http://www.nndb.com/people/701/000030611/,Ryan's Daughter,John Mills,tt0066319,https://www.imdb.com/title/tt0066319/
255,"Shidler, Ok",13-Jun-18,White,Na,1.0,Straight,1972,Best Supporting Actor,http://www.nndb.com/people/425/000064233/,The Last Picture Show,Ben Johnson,tt0067328,https://www.imdb.com/title/tt0067328/
256,"Des Moines, Ia",30-Apr-26,White,Na,1.0,Straight,1972,Best Supporting Actress,http://www.nndb.com/people/177/000023108/,The Last Picture Show,Cloris Leachman,tt0067328,https://www.imdb.com/title/tt0067328/
257,"Bucharest, Romania",22-Sep-1902,White,Na,1.0,Straight,1974,Best Supporting Actor,http://www.nndb.com/people/686/000042560/,The Paper Chase,John Houseman,tt0070509,https://www.imdb.com/title/tt0070509/
258,New York City,20-Jan-1896,White,Jewish,1.0,Straight,1976,Best Supporting Actor,http://www.nndb.com/people/895/000022829/,The Sunshine Boys,George Burns,tt0073766,https://www.imdb.com/title/tt0073766/
259,"Chicago, Il",26-Jul-22,White,Na,1.0,Straight,1977,Best Supporting Actor,http://www.nndb.com/people/224/000032128/,All the President's Men,Jason Robards,tt0074119,https://www.imdb.com/title/tt0074119/
260,"Chicago, Il",26-Jul-22,White,Na,1.0,Straight,1977,Best Supporting Actor,http://www.nndb.com/people/224/000032128/,All the President's Men,Jason Robards,tt0074119,https://www.imdb.com/title/tt0074119/
261,"Chicago, Il",26-Jul-22,White,Na,1.0,Straight,1978,Best Supporting Actor,http://www.nndb.com/people/224/000032128/,Julia,Jason Robards,tt0076245,https://www.imdb.com/title/tt0076245/
262,"London, England",30-Jan-37,White,Na,1.0,Straight,1978,Best Supporting Actress,http://www.nndb.com/people/590/000023521/,Julia,Vanessa Redgrave,tt0076245,https://www.imdb.com/title/tt0076245/
263,"Macon, Ga",5-Apr-1901,White,Jewish,1.0,Straight,1980,Best Supporting Actor,http://www.nndb.com/people/100/000063908/,Being There,Melvyn Douglas,tt0078841,https://www.imdb.com/title/tt0078841/
264,"Malibu, Ca",16-Aug-60,White,Na,1.0,Straight,1981,Best Supporting Actor,http://www.nndb.com/people/378/000024306/,Oridnary People,Timothy Hutton,tt0081283,https://www.imdb.com/title/tt0081283/
265,"London, England",14-Apr-04,White,Na,1.0,Gay,1982,Best Supporting Actor,http://www.nndb.com/people/589/000033490/,Arthur,John Gielgud,tt0082031,https://www.imdb.com/title/tt0082031/
266,"Brooklyn, Ny",27-May-36,Black,Na,1.0,Straight,1983,Best Supporting Actor,http://www.nndb.com/people/906/000023837/,An Officer and a Gentleman,"Lou Gossett, Jr.",tt0084434,https://www.imdb.com/title/tt0084434/
267,New York City,22-Apr-37,White,Atheist,1.0,Straight,1984,Best Supporting Actor,http://www.nndb.com/people/722/000022656/,Terms of Endearment,Jack Nicholson,tt0086425,https://www.imdb.com/title/tt0086425/
268,"Richmond, Va",24-Apr-34,White,Baptist,1.0,Straight,1984,Best Actress,http://www.nndb.com/people/799/000023730/,Terms of Endearment,Shirley MacLaine,tt0086425,https://www.imdb.com/title/tt0086425/
269,"Samrong Young, Cambodia",22-Mar-40,Asian,Buddhist,1.0,Straight,1985,Best Supporting Actor,http://www.nndb.com/people/093/000063901/,The Killing Fields,Haing S. Ngor,tt0087553,https://www.imdb.com/title/tt0087553/
270,"Kenosha, Wi",31-May-04,White,Roman Catholic,1.0,Straight,1986,Best Supporting Actor,http://www.nndb.com/people/736/000024664/,Cocoon,Don Ameche,tt0088933,https://www.imdb.com/title/tt0088933/
271,"Bermondsey, England",14-Mar-33,White,Na,1.0,Straight,1987,Best Supporting Actor,http://www.nndb.com/people/754/000022688/,Hannah and Her Sisters,Michael Caine,tt0091167,https://www.imdb.com/title/tt0091167/
272,"Kansas City, Mo",28-Mar-48,White,Na,1.0,Straight,1987,Best Supporting Actress,http://www.nndb.com/people/894/000024822/,Hannah and Her Sisters,Dianne Wiest,tt0091167,https://www.imdb.com/title/tt0091167/
273,"Edinburgh, Scotland",25-Aug-30,White,Roman Catholic,1.0,Straight,1988,Best Supporting Actor,http://www.nndb.com/people/881/000022815/,The Untouchables,Sean Connery,tt0094226,https://www.imdb.com/title/tt0094226/
274,"St. Louis, Mo",24-Oct-47,White,Roman Catholic,1.0,Straight,1989,Best Supporting Actor,http://www.nndb.com/people/819/000024747/,A Fish Called Wanda,Kevin Kline,tt0095159,https://www.imdb.com/title/tt0095159/
275,"Mount Vernon, Ny",28-Dec-54,Black,Protestant,1.0,Straight,1990,Best Supporting Actor,http://www.nndb.com/people/665/000023596/,Glory,Denzel Washington,tt0097441,https://www.imdb.com/title/tt0097441/
276,"Newark, Nj",9-Feb-43,White,Na,1.0,Straight,1991,Best Supporting Actor,http://www.nndb.com/people/582/000022516/,Good Fellas,Joe Pesci,tt0099685,https://www.imdb.com/title/tt0099685/
277,"Lattimer Mines, Pa",18-Feb-19,White,Na,1.0,Straight,1992,Best Supporting Actor,http://www.nndb.com/people/579/000022513/,City Slickers,Jack Palance,tt0101587,https://www.imdb.com/title/tt0101587/
278,"San Saba, Tx",15-Sep-46,White,Na,1.0,Straight,1994,Best Supporting Actor,http://www.nndb.com/people/530/000022464/,The Fugitive,Tommy Lee Jones,tt0106977,https://www.imdb.com/title/tt0106977/
279,"Brooklyn, Ny",20-Jun-31,White,Jewish,1.0,Straight,1995,Best Supporting Actor,http://www.nndb.com/people/431/000023362/,Ed Wood,Martin Landau,tt0109707,https://www.imdb.com/title/tt0109707/
280,"South Orange, Nj",26-Jul-59,White,Na,1.0,Matter of Dispute,1996,Best Supporting Actor,http://www.nndb.com/people/591/000023522/,The Usual Suspects,Kevin Spacey,tt0114814,https://www.imdb.com/title/tt0114814/
281,"Bronx, Ny",2-Jan-68,Black,Na,1.0,Straight,1997,Best Supporting Actor,http://www.nndb.com/people/587/000023518/,Jerry Maguire,"Cuba Gooding, Jr.",tt0116695,https://www.imdb.com/title/tt0116695/
282,"Chicago, Il",21-Jul-51,White,Anglican/episcopalian,1.0,Straight,1998,Best Supporting Actor,http://www.nndb.com/people/606/000022540/,Good Will Hunting,Robin Williams,tt0119217,https://www.imdb.com/title/tt0119217/
283,"Laurel, Ne",31-Aug-28,White,Na,1.0,Straight,1999,Best Supporting Actor,http://www.nndb.com/people/764/000022698/,Affliction,James Coburn,tt0118564,https://www.imdb.com/title/tt0118564/
284,"Laurel, Ne",31-Aug-28,White,Na,1.0,Straight,1999,Best Supporting Actor,http://www.nndb.com/people/764/000022698/,Affliction,James Coburn,tt0118564,https://www.imdb.com/title/tt0118564/
285,"Bermondsey, England",14-Mar-33,White,Na,1.0,Straight,2000,Best Supporting Actor,http://www.nndb.com/people/754/000022688/,The Cider House Rules,Michael Caine,tt0124315,https://www.imdb.com/title/tt0124315/
286,"Lincoln, Lincolnshire, England",24-May-49,White,Na,1.0,Straight,2002,Best Supporting Actor,http://www.nndb.com/people/092/000063900/,Iris,Jim Broadbent,tt0280778,https://www.imdb.com/title/tt0280778/
287,"Kansas City, Mo",9-Jul-51,White,Na,1.0,Straight,2003,Best Supporting Actor,http://www.nndb.com/people/130/000025055/,Adaptation,Chris Cooper,tt0268126,https://www.imdb.com/title/tt0268126/
288,"West Covina, Ca",16-Oct-58,White,Roman Catholic,1.0,Straight,2004,Best Supporting Actor,http://www.nndb.com/people/614/000025539/,Mystic River,Tim Robbins,tt0327056,https://www.imdb.com/title/tt0327056/
289,"Lexington, Ky",6-May-61,White,Na,1.0,Straight,2006,Best Supporting Actor,http://www.nndb.com/people/763/000022697/,Syriana,George Clooney,tt0365737,https://www.imdb.com/title/tt0365737/
290,"Brooklyn, Ny",26-Mar-34,White,Jewish,1.0,Straight,2007,Best Supporting Actor,http://www.nndb.com/people/777/000022711/,Little Miss Sunshine,Alan Arkin,tt0449059,https://www.imdb.com/title/tt0449059/
291,"Perth, Australia",4-Apr-79,White,Na,1.0,Straight,2009,Best Supporting Actor,http://www.nndb.com/people/204/000029117/,The Dark Knight,Heath Ledger,tt0468569,https://www.imdb.com/title/tt0468569/
292,Na,4-Oct-56,White,Na,1.0,Straight,2010,Best Supporting Actor,http://www.nndb.com/people/455/000213813/,Inglourious Basterds,Christoph Waltz,tt0361748,https://www.imdb.com/title/tt0361748/
293,"Haverfordwest, Pembrokeshire, Wales",30-Jan-74,White,Na,1.0,Straight,2011,Best Supporting Actor,http://www.nndb.com/people/877/000031784/,The Fighter,Christian Bale,tt0964517,https://www.imdb.com/title/tt0964517/
294,New York City,14-Sep-60,White,Na,1.0,Straight,2011,Best Supporting Actress,http://www.nndb.com/people/327/000042201/,The Fighter,Melissa Leo,tt0964517,https://www.imdb.com/title/tt0964517/
295,"Toronto, Ontario, Canada",13-Dec-29,White,Na,1.0,Straight,2012,Best Supporting Actor,http://www.nndb.com/people/316/000023247/,Beginning,Christopher Plummer,tt1991203,https://www.imdb.com/title/tt1991203/
296,Na,4-Oct-56,White,Na,1.0,Straight,2013,Best Supporting Actor,http://www.nndb.com/people/455/000213813/,Django Unchained,Christoph Waltz,tt1853728,https://www.imdb.com/title/tt1853728/
297,"Philadelphia, Pa",6-Oct-06,White,Na,1.0,Straight,1929,Best Actress,http://www.nndb.com/people/129/000043000/,7th Heaven,Janet Gaynor,tt0018379,https://www.imdb.com/title/tt0018379/
298,"Toronto, Ontario, Canada",8-Apr-1892,White,Na,1.0,Straight,1930,Best Actress,http://www.nndb.com/people/683/000042557/,Coquette,Mary Pickford,tt0019788,https://www.imdb.com/title/tt0019788/
299,"Montreal, Quebec, Canada",10-Aug-1902,White,Na,1.0,Straight,1930,Best Actress,http://www.nndb.com/people/813/000063624/,The Divorcee,Norma Shearer,tt0020827,https://www.imdb.com/title/tt0020827/
300,"Cobourg, Ontario, Canada",2-Nov-1868,White,Na,1.0,Straight,1931,Best Actress,http://www.nndb.com/people/814/000063625/,Min and Bill,Marie Dressler,tt0021148,https://www.imdb.com/title/tt0021148/
301,"Washington, Dc",10-Oct-1900,White,Na,1.0,Straight,1932,Best Actress,http://www.nndb.com/people/908/000031815/,The Sin of Madelon Claudet,Helen Hayes,tt0022386,https://www.imdb.com/title/tt0022386/
302,"Hartford, Ct",12-May-07,White,Atheist,1.0,Bisexual,1934,Best Actress,http://www.nndb.com/people/775/000023706/,Morning Glory,Katharine Hepburn,tt0024353,https://www.imdb.com/title/tt0024353/
303,"Lowell, Ma",5-Apr-08,White,Na,1.0,Straight,1936,Best Actress,http://www.nndb.com/people/457/000026379/,Dangerous,Bette Davis,tt0026261,https://www.imdb.com/title/tt0026261/
304,"Dusseldorf, Germany",12-Jan-10,White,Jewish,1.0,Straight,1937,Best Actress,http://www.nndb.com/people/796/000030706/,The Great Ziegfeld,Luise Rainer,tt0027698,https://www.imdb.com/title/tt0027698/
305,"Dusseldorf, Germany",12-Jan-10,White,Jewish,1.0,Straight,1938,Best Actress,http://www.nndb.com/people/796/000030706/,The Good Earth,Luise Rainer,tt0028944,https://www.imdb.com/title/tt0028944/
306,"Lowell, Ma",5-Apr-08,White,Na,1.0,Straight,1939,Best Actress,http://www.nndb.com/people/457/000026379/,Jezebel,Bette Davis,tt0030287,https://www.imdb.com/title/tt0030287/
307,"Los Angeles, Ca",7-Dec-1891,White,Na,1.0,Straight,1939,Best Supporting Actress,http://www.nndb.com/people/074/000063882/,Jezebel,Fay Bainter,tt0030287,https://www.imdb.com/title/tt0030287/
308,"Independence, Mo",16-Jul-11,White,Christian Science,0.9597,Straight,1941,Best Actress,http://www.nndb.com/people/635/000043506/,Kitty Foyle,Ginger Rogers,tt0032671,https://www.imdb.com/title/tt0032671/
309,"Independence, Mo",16-Jul-11,White,Christian Science,1.0,Straight,1941,Best Actress,http://www.nndb.com/people/635/000043506/,Kitty Foyle,Ginger Rogers,tt0032671,https://www.imdb.com/title/tt0032671/
310,"Tokyo, Japan",22-Oct-17,White,Na,1.0,Straight,1940,Best Actress,http://www.nndb.com/people/487/000026409/,Suspicion,Joan Fontaine,tt0035605,https://www.imdb.com/title/tt0035605/
311,"London, England",29-Sep-04,White,Na,1.0,Straight,1942,Best Actress,http://www.nndb.com/people/293/000044161/,Mrs. Miniver,Greer Garson,tt0035093,https://www.imdb.com/title/tt0035093/
312,"Tulsa, Ok",2-Mar-19,White,Roman Catholic,1.0,Straight,1944,Best Actress,http://www.nndb.com/people/809/000063620/,The Song of Bernadette,Jennifer Jones,tt0036377,https://www.imdb.com/title/tt0036377/
313,"Stockholm, Sweden",29-Aug-15,White,Na,1.0,Straight,1945,Best Actress,http://www.nndb.com/people/836/000024764/,Gaslight,Ingrid Bergman,tt0036855,https://www.imdb.com/title/tt0036855/
314,"San Antonio, Tx",23-Mar-05,White,Christian Science,1.0,Bisexual,1946,Best Actress,http://www.nndb.com/people/837/000031744/,Mildred Pierce,Joan Crawford,tt0037913,https://www.imdb.com/title/tt0037913/
315,"Tokyo, Japan",1-Jul-16,White,Na,1.0,Straight,1947,Best Actress,http://www.nndb.com/people/741/000022675/,To Each His Own,Olivia de Havilland,tt0039040,https://www.imdb.com/title/tt0039040/
316,"Salt Lake City, Ut",6-Jan-13,White,Roman Catholic,1.0,Straight,1948,Best Actress,http://www.nndb.com/people/089/000031993/,The Farmer's Daughter,Loretta Young,tt0039370,https://www.imdb.com/title/tt0039370/
317,"St. Joseph, Mo",5-Jan-17,White,Roman Catholic,1.0,Straight,1949,Best Actress,http://www.nndb.com/people/656/000022590/,Johnny Belinda,Jane Wyman,tt0040495,https://www.imdb.com/title/tt0040495/
318,"Tokyo, Japan",1-Jul-16,White,Na,1.0,Straight,1950,Best Actress,http://www.nndb.com/people/741/000022675/,The Heiress,Olivia de Havilland,tt0041452,https://www.imdb.com/title/tt0041452/
319,New York City,21-Jun-21,White,Na,1.0,Straight,1951,Best Actress,http://www.nndb.com/people/808/000063619/,Born Yesterday,Judy Holliday,tt0042276,https://www.imdb.com/title/tt0042276/
320,New York City,30-Aug-1898,White,Na,1.0,Straight,1953,Best Actress,http://www.nndb.com/people/807/000063618/,"Come Back, Little Sheba",Shirley Booth,tt0044509,https://www.imdb.com/title/tt0044509/
321,"Brussels, Belgium",4-May-29,White,Christian Science,1.0,Straight,1954,Best Actress,http://www.nndb.com/people/933/000026855/,Roman Holiday,Audrey Hepburn,tt0046250,https://www.imdb.com/title/tt0046250/
322,"Philadelphia, Pa",12-Nov-29,White,Roman Catholic,1.0,Straight,1955,Best Actress,http://www.nndb.com/people/770/000025695/,The Country Girl,Grace Kelly,tt0046874,https://www.imdb.com/title/tt0046874/
323,"Rome, Italy",7-Mar-08,White,Na,1.0,Straight,1956,Best Actress,http://www.nndb.com/people/806/000063617/,The Rose Tattoo,Anna Magnani,tt0048563,https://www.imdb.com/title/tt0048563/
324,"Stockholm, Sweden",29-Aug-15,White,Na,1.0,Straight,1957,Best Actress,http://www.nndb.com/people/836/000024764/,Anastasia,Ingrid Bergman,tt0048947,https://www.imdb.com/title/tt0048947/
325,"Thomasville, Ga",27-Feb-30,White,Na,1.0,Straight,1958,Best Actress,http://www.nndb.com/people/747/000043618/,The Three Faces of Eve,Joanne Woodward,tt0051077,https://www.imdb.com/title/tt0051077/
326,"Thomasville, Ga",27-Feb-30,White,Na,1.0,Straight,1958,Best Actress,http://www.nndb.com/people/747/000043618/,The Three Faces of Eve,Joanne Woodward,tt0051077,https://www.imdb.com/title/tt0051077/
327,"Brooklyn, Ny",30-Jun-18,White,Roman Catholic,1.0,Straight,1959,Best Actress,http://www.nndb.com/people/805/000063616/,I Want To Live!,Susan Hayward,tt0051758,https://www.imdb.com/title/tt0051758/
328,"Wiesbaden, Germany",25-Mar-21,White,Na,1.0,Straight,1960,Best Actress,http://www.nndb.com/people/804/000063615/,Room at the Top,Simone Signoret,tt0053226,https://www.imdb.com/title/tt0053226/
329,"London, England",27-Feb-32,White,Jewish,1.0,Straight,1961,Best Actress,http://www.nndb.com/people/624/000023555/,Butterfield 8,Elizabeth Taylor,tt0053622,https://www.imdb.com/title/tt0053622/
330,"Pozzuoli, Italy",20-Sep-34,White,Roman Catholic,1.0,Straight,1962,Best Actress,http://www.nndb.com/people/811/000023742/,Two Women,Sophia Loren,tt0054749,https://www.imdb.com/title/tt0054749/
331,"Bronx, Ny",17-Sep-31,White,Roman Catholic,1.0,Straight,1963,Best Actress,http://www.nndb.com/people/439/000023370/,The Miracle Worker,Anne Bancroft,tt0056241,https://www.imdb.com/title/tt0056241/
332,"Elmhurst, Ny",14-Dec-46,White,Roman Catholic,1.0,Straight,1963,Best Supporting Actress,http://www.nndb.com/people/775/000022709/,The Miracle Worker,Patty Duke,tt0056241,https://www.imdb.com/title/tt0056241/
333,"Walton-on-Thames, Surrey, England",1-Oct-35,White,Na,1.0,Straight,1965,Best Actress,http://www.nndb.com/people/874/000023805/,Mary Poppins,Julie Andrews,tt0058331,https://www.imdb.com/title/tt0058331/
334,"Chabua, Assam, India",14-Apr-41,White,Na,1.0,Straight,1966,Best Actress,http://www.nndb.com/people/801/000063612/,Darling,Julie Christie,tt0059084,https://www.imdb.com/title/tt0059084/
335,"London, England",27-Feb-32,White,Jewish,1.0,Straight,1967,Best Actress,http://www.nndb.com/people/624/000023555/,Who's Afraid of Virginia Woolf?,Elizabeth Taylor,tt0061184,https://www.imdb.com/title/tt0061184/
336,"Hastings, Ne",27-Apr-37,White,Na,1.0,Bisexual,1967,Best Supporting Actress,http://www.nndb.com/people/961/000063772/,Who's Afraid of Virginia Woolf?,Sandy Dennis,tt0061184,https://www.imdb.com/title/tt0061184/
337,"London, England",27-Feb-32,White,Jewish,1.0,Straight,1967,Best Actress,http://www.nndb.com/people/624/000023555/,Who's Afraid of Virginia Woolf?,Elizabeth Taylor,tt0061184,https://www.imdb.com/title/tt0061184/
338,"Hartford, Ct",12-May-07,White,Atheist,1.0,Bisexual,1968,Best Actress,http://www.nndb.com/people/775/000023706/,Guess Who's Coming to Dinner,Katharine Hepburn,tt0061735,https://www.imdb.com/title/tt0061735/
339,"Brooklyn, Ny",24-Apr-42,White,Jewish,1.0,Straight,1969,Best Actress,http://www.nndb.com/people/526/000022460/,Funny Girl,Barbra Streisand,tt0062994,https://www.imdb.com/title/tt0062994/
340,"Hartford, Ct",12-May-07,White,Atheist,1.0,Bisexual,1969,Best Actress,http://www.nndb.com/people/775/000023706/,The Lion in Winter,Katharine Hepburn,tt0063227,https://www.imdb.com/title/tt0063227/
341,"Ilford, Essex, England",28-Dec-34,White,Na,1.0,Straight,1970,Best Actress,http://www.nndb.com/people/260/000030170/,The Prime of Miss Jean Brodie,Maggie Smith,tt0064840,https://www.imdb.com/title/tt0064840/
342,"Ilford, Essex, England",28-Dec-34,White,Na,1.0,Straight,1970,Best Actress,http://www.nndb.com/people/260/000030170/,The Prime of Miss Jean Brodie,Maggie Smith,tt0064840,https://www.imdb.com/title/tt0064840/
343,"Birkenhead, Cheshire, England",9-May-36,White,Na,1.0,Straight,1971,Best Actress,http://www.nndb.com/people/799/000063610/,Women in Love,Glenda Jackson,tt0066579,https://www.imdb.com/title/tt0066579/
344,New York City,21-Dec-37,White,Born-Again Christian,1.0,Straight,1972,Best Actress,http://www.nndb.com/people/637/000022571/,Klute,Jane Fonda,tt0067309,https://www.imdb.com/title/tt0067309/
345,"Birkenhead, Cheshire, England",9-May-36,White,Na,1.0,Straight,1974,Best Actress,http://www.nndb.com/people/799/000063610/,A Touch of Class,Glenda Jackson,tt0070819,https://www.imdb.com/title/tt0070819/
346,"Detroit, Mi",7-Dec-32,White,Sufism,0.3333,Straight,1975,Best Actress,http://www.nndb.com/people/650/000023581/,Alice Doesn't Live Here Anymore,Ellen Burstyn,tt0071115,https://www.imdb.com/title/tt0071115/
347,"Pasadena, Ca",6-Nov-46,White,Na,1.0,Straight,1980,Best Actress,http://www.nndb.com/people/897/000022831/,Norma Rae,Sally Field,tt0079638,https://www.imdb.com/title/tt0079638/
348,"Quitman, Tx",25-Dec-49,White,Na,0.6897,Straight,1981,Best Actress,http://www.nndb.com/people/758/000023689/,Coal Miner's Daughter,Sissy Spacek,tt0080549,https://www.imdb.com/title/tt0080549/
349,"Summit, Nj",22-Jun-49,White,Na,1.0,Straight,1983,Best Actress,http://www.nndb.com/people/001/000024926/,Sophie's Choice,Meryl Streep,tt0084707,https://www.imdb.com/title/tt0084707/
350,"Pasadena, Ca",6-Nov-46,White,Na,1.0,Straight,1985,Best Actress,http://www.nndb.com/people/897/000022831/,Places in the Heart,Sally Field,tt0087921,https://www.imdb.com/title/tt0087921/
351,"Kirksville, Mo",22-Nov-24,White,Na,1.0,Straight,1986,Best Actress,http://www.nndb.com/people/780/000043651/,The Trip to Bountiful,Geraldine Page,tt0090203,https://www.imdb.com/title/tt0090203/
352,"Morton Grove, Il",24-Aug-65,White,Jewish,1.0,Straight,1987,Best Actress,http://www.nndb.com/people/870/000023801/,Children of a Lesser God,Marlee Matlin,tt0090830,https://www.imdb.com/title/tt0090830/
353,"El Centro, Ca",20-May-46,White,Na,1.0,Bisexual,1988,Best Actress,http://www.nndb.com/people/688/000022622/,Moonstruck,Cher,tt0093565,https://www.imdb.com/title/tt0093565/
354,"Lowell, Ma",20-Jun-31,White,Na,1.0,Straight,1988,Best Supporting Actress,http://www.nndb.com/people/430/000023361/,Moonstruck,Olympia Dukakis,tt0093565,https://www.imdb.com/title/tt0093565/
355,"Los Angeles, Ca",19-Nov-62,White,Atheist,1.0,Lesbian,1989,Best Actress,http://www.nndb.com/people/756/000023687/,The Accused,Jodie Foster,tt0094608,https://www.imdb.com/title/tt0094608/
356,"London, England",7-Jun-09,White,Na,1.0,Straight,1990,Best Actress,http://www.nndb.com/people/017/000023945/,Driving Miss Daisy,Jessica Tandy,tt0097239,https://www.imdb.com/title/tt0097239/
357,"Memphis, Tn",28-Jun-48,White,Na,1.0,Straight,1991,Best Actress,http://www.nndb.com/people/907/000024835/,Misery,Kathy Bates,tt0100157,https://www.imdb.com/title/tt0100157/
358,"London, England",15-Apr-59,White,Na,1.0,Straight,1993,Best Actress,http://www.nndb.com/people/627/000025552/,Howards End,Emma Thompson,tt0104454,https://www.imdb.com/title/tt0104454/
359,"Conyers, Ga",20-Mar-58,White,Na,1.0,Straight,1994,Best Actress,http://www.nndb.com/people/566/000023497/,The Piano,Holly Hunter,tt0107822,https://www.imdb.com/title/tt0107822/
360,"Winnipeg, Manitoba, Canada",24-Jul-82,White,Na,1.0,Bisexual,1994,Best Supporting Actress,http://www.nndb.com/people/763/000025688/,The Piano,Anna Paquin,tt0107822,https://www.imdb.com/title/tt0107822/
361,"Cloquet, Mn",20-Apr-49,White,Na,1.0,Straight,1995,Best Actress,http://www.nndb.com/people/004/000022935/,Blue Sky,Jessica Lange,tt0109306,https://www.imdb.com/title/tt0109306/
362,"Queens, Ny",4-Oct-46,White,Roman Catholic,1.0,Straight,1996,Best Actress,http://www.nndb.com/people/762/000024690/,Dead Man Walking,Susan Sarandon,tt0112818,https://www.imdb.com/title/tt0112818/
363,"Chicago, Il",23-Jun-57,White,Disciples of Christ,1.0,Straight,1997,Best Actress,http://www.nndb.com/people/517/000025442/,Fargo,Frances McDormand,tt0116282,https://www.imdb.com/title/tt0116282/
364,"Culver City, Ca",15-Jun-63,White,Na,1.0,Straight,1998,Best Actress,http://www.nndb.com/people/554/000023485/,As Good As It Gets,Helen Hunt,tt0119822,https://www.imdb.com/title/tt0119822/
365,"Los Angeles, Ca",27-Sep-72,White,Jewish,1.0,Straight,1999,Best Actress,http://www.nndb.com/people/592/000023523/,Shakespeare in Love,Gwyneth Paltrow,tt0138097,https://www.imdb.com/title/tt0138097/
366,"York, North Yorkshire, England",9-Dec-34,White,Quaker,1.0,Straight,1999,Best Supporting Actress,http://www.nndb.com/people/824/000023755/,Shakespeare in Love,Judi Dench,tt0138097,https://www.imdb.com/title/tt0138097/
367,"Los Angeles, Ca",27-Sep-72,White,Jewish,1.0,Straight,1999,Best Actress,http://www.nndb.com/people/592/000023523/,Shakespeare in Love,Gwyneth Paltrow,tt0138097,https://www.imdb.com/title/tt0138097/
368,"Lincoln, Ne",30-Jul-74,White,Na,1.0,Straight,2000,Best Actress,http://www.nndb.com/people/333/000026255/,Boys Don't Cry,Hilary Swank,tt0171804,https://www.imdb.com/title/tt0171804/
369,"Smyrna, Ga",28-Oct-67,White,Hindu,1.0,Straight,2001,Best Actress,http://www.nndb.com/people/592/000022526/,Erin Brockovich,Julia Roberts,tt0195685,https://www.imdb.com/title/tt0195685/
370,"Cleveland, Oh",14-Aug-66,Multiracial,Na,1.0,Straight,2002,Best Actress,http://www.nndb.com/people/487/000023418/,Monster's Ball,Halle Berry,tt0285742,https://www.imdb.com/title/tt0285742/
371,"Honolulu, Hi",20-Jun-67,White,Roman Catholic,1.0,Straight,2003,Best Actress,http://www.nndb.com/people/917/000022851/,The Hours,Nicole Kidman,tt0274558,https://www.imdb.com/title/tt0274558/
372,"Benoni, South Africa",7-Aug-75,White,Na,1.0,Straight,2004,Best Actress,http://www.nndb.com/people/146/000026068/,Monster,Charlize Theron,tt0340855,https://www.imdb.com/title/tt0340855/
373,"New Orleans, La",22-Mar-76,White,Na,1.0,Straight,2006,Best Actress,http://www.nndb.com/people/813/000022747/,Walk the Line,Reese Witherspoon,tt0358273,https://www.imdb.com/title/tt0358273/
374,"Chiswick, London, England",26-Jul-45,White,Na,1.0,Straight,2007,Best Actress,http://www.nndb.com/people/907/000044775/,The Queen,Helen Mirren,tt0436697,https://www.imdb.com/title/tt0436697/
375,"Paris, France",30-Sep-75,White,Na,1.0,Straight,2008,Best Actress,http://www.nndb.com/people/723/000136315/,The Passionate Life of Edith Piaf,Marion Cotillard,tt0450188,https://www.imdb.com/title/tt0450188/
376,"Reading, England",5-Oct-75,White,Na,1.0,Straight,2009,Best Actress,http://www.nndb.com/people/582/000023513/,The Reader,Kate Winslet,tt0976051,https://www.imdb.com/title/tt0976051/
377,"Arlington, Va",26-Jul-64,White,Na,1.0,Straight,2010,Best Actress,http://www.nndb.com/people/601/000023532/,The Blind Side,Sandra Bullock,tt0878804,https://www.imdb.com/title/tt0878804/
378,"Jerusalem, Israel",9-Jun-81,White,Jewish,1.0,Straight,2011,Best Actress,http://www.nndb.com/people/040/000022971/,Black Swan,Natalie Portman,tt0947798,https://www.imdb.com/title/tt0947798/
379,"Summit, Nj",22-Jun-49,White,Na,1.0,Straight,2012,Best Actress,http://www.nndb.com/people/001/000024926/,The Iron Lady,Meryl Streep,tt1007029,https://www.imdb.com/title/tt1007029/
380,"Louisville, Ky",15-Aug-90,White,Na,1.0,Na,2013,Best Actress,http://www.nndb.com/people/597/000272778/,Silver Linings Playbook,Jennifer Lawrence,tt1045658,https://www.imdb.com/title/tt1045658/
381,"Melbourne, Victoria, Australia",14-May-69,White,Na,1.0,Straight,2014,Best Actress,http://www.nndb.com/people/222/000026144/,Blue Jasmine,Cate Blanchett,tt2334873,https://www.imdb.com/title/tt2334873/
382,"Litchfield, Mn",15-Feb-1899,White,Na,1.0,Straight,1937,Best Supporting Actress,http://www.nndb.com/people/062/000063870/,Anthony Adverse,Gale Sondergaard,tt0027300,https://www.imdb.com/title/tt0027300/
383,New York City,2-Nov-1892,White,Na,1.0,Straight,1938,Best Supporting Actress,http://www.nndb.com/people/079/000063887/,In Old Chicago,Alice Brady,tt0029047,https://www.imdb.com/title/tt0029047/
384,"Quincy, Il",3-May-06,White,Roman Catholic,1.0,Straight,1942,Best Supporting Actress,http://www.nndb.com/people/690/000042564/,The Great Lie,Mary Astor,tt0033677,https://www.imdb.com/title/tt0033677/
385,"Quincy, Il",3-May-06,White,Roman Catholic,1.0,Straight,1942,Best Supporting Actress,http://www.nndb.com/people/690/000042564/,The Great Lie,Mary Astor,tt0033677,https://www.imdb.com/title/tt0033677/
386,"Athens, Greece",17-Dec-1900,White,Na,1.0,Straight,1944,Best Supporting Actress,http://www.nndb.com/people/080/000063888/,For Whom the Bell Tolls,Katina Paxinou,tt0035896,https://www.imdb.com/title/tt0035896/
387,"Philadelphia, Pa",15-Aug-1879,White,Roman Catholic,1.0,Straight,1945,Best Supporting Actress,http://www.nndb.com/people/743/000043614/,None but the Lonely Heart,Ethel Barrymore,tt0037135,https://www.imdb.com/title/tt0037135/
388,New York City,25-Jun-1903,White,Na,1.0,Straight,1946,Best Supporting Actress,http://www.nndb.com/people/081/000063889/,National Velvet,Anne Revere,tt0037120,https://www.imdb.com/title/tt0037120/
389,New York City,25-Jun-1903,White,Na,1.0,Straight,1946,Best Supporting Actress,http://www.nndb.com/people/081/000063889/,National Velvet,Anne Revere,tt0037120,https://www.imdb.com/title/tt0037120/
390,"Michigan City, In",7-May-23,White,Na,1.0,Straight,1947,Best Supporting Actress,http://www.nndb.com/people/458/000026380/,The Razor's Edge,Anne Baxter,tt0038873,https://www.imdb.com/title/tt0038873/
391,New York City,8-Mar-10,White,Na,1.0,Straight,1949,Best Supporting Actress,http://www.nndb.com/people/085/000063893/,Key Largo,Claire Trevor,tt0040506,https://www.imdb.com/title/tt0040506/
392,"Joliet, Il",17-Mar-16,White,Roman Catholic,1.0,Straight,1950,Best Supporting Actress,http://www.nndb.com/people/086/000063894/,All the King's Men,Mercedes McCambridge,tt0041113,https://www.imdb.com/title/tt0041113/
393,"Newtonville, Ma",3-Jan-1886,White,Na,1.0,Straight,1951,Best Supporting Actress,http://www.nndb.com/people/087/000063895/,Harvey,Josephine Hull,tt0042546,https://www.imdb.com/title/tt0042546/
394,"Los Angeles, Ca",28-Nov-23,White,Na,1.0,Straight,1953,Best Supporting Actress,http://www.nndb.com/people/088/000063896/,The Bad and the Beautiful,Gloria Grahame,tt0044391,https://www.imdb.com/title/tt0044391/
395,"Oakland, Ca",30-Dec-14,White,Na,1.0,Straight,1956,Best Supporting Actress,http://www.nndb.com/people/089/000063897/,East of Eden,Jo Van Fleet,tt0048028,https://www.imdb.com/title/tt0048028/
396,"Chicago, Il",30-Jan-25,White,Na,1.0,Straight,1957,Best Supporting Actress,http://www.nndb.com/people/090/000063898/,Written on the Wind,Dorothy Malone,tt0049966,https://www.imdb.com/title/tt0049966/
397,"St. Louis, Mo",18-Aug-20,White,Jewish,1.0,Straight,1960,Best Supporting Actress,http://www.nndb.com/people/859/000022793/,The Diary of Anne Frank,Shelley Winters,tt0052738,https://www.imdb.com/title/tt0052738/
398,"London, England",11-May-1892,White,Na,1.0,Straight,1964,Best Supporting Actress,http://www.nndb.com/people/052/000063860/,the V.I.P.s,Margaret Rutherford,tt0057634,https://www.imdb.com/title/tt0057634/
399,"St. Petersburg, Russia",9-Oct-18,White,Na,1.0,Straight,1965,Best Supporting Actress,http://www.nndb.com/people/049/000063857/,Zorba the Greek,Lila Kedrova,tt0057831,https://www.imdb.com/title/tt0057831/
400,"St. Louis, Mo",18-Aug-20,White,Jewish,1.0,Straight,1966,Best Supporting Actress,http://www.nndb.com/people/859/000022793/,A Patch of Blue,Shelley Winters,tt0059573,https://www.imdb.com/title/tt0059573/
401,"Marblehead, Ma",20-Nov-27,White,Na,1.0,Straight,1968,Best Supporting Actress,http://www.nndb.com/people/475/000032379/,Bonnie and Clyde,Estelle Parsons,tt0061418,https://www.imdb.com/title/tt0061418/
402,"Quincy, Ma",30-Oct-1896,White,Na,1.0,Straight,1969,Best Supporting Actress,http://www.nndb.com/people/818/000043689/,Rosemary's Baby,Ruth Gordon,tt0063522,https://www.imdb.com/title/tt0063522/
403,"Silver Spring, Md",21-Nov-45,White,Buddhist,1.0,Straight,1970,Best Supporting Actress,http://www.nndb.com/people/996/000022930/,Cactus Flower,Goldie Hawn,tt0064117,https://www.imdb.com/title/tt0064117/
404,"Washington, Dc",10-Oct-1900,White,Na,1.0,Straight,1971,Best Supporting Actress,http://www.nndb.com/people/908/000031815/,Airport,Helen Hayes,tt0065377,https://www.imdb.com/title/tt0065377/
405,"Columbus, Oh",29-Mar-19,White,Na,1.0,Straight,1973,Best Supporting Actress,http://www.nndb.com/people/828/000063639/,Butterflies Are Free,Eileen Heckart,tt0068326,https://www.imdb.com/title/tt0068326/
406,"Los Angeles, Ca",5-Nov-63,White,Na,1.0,Straight,1974,Best Supporting Actress,http://www.nndb.com/people/104/000024032/,Paper Moon,Tatum O'Neal,tt0070510,https://www.imdb.com/title/tt0070510/
407,"Stockholm, Sweden",29-Aug-15,White,Na,1.0,Straight,1975,Best Supporting Actress,http://www.nndb.com/people/836/000024764/,Murder on the Orient Express,Ingrid Bergman,tt0071877,https://www.imdb.com/title/tt0071877/
408,New York City,31-Oct-27,White,Jewish,1.0,Straight,1976,Best Supporting Actress,http://www.nndb.com/people/409/000032313/,Shampoo,Lee Grant,tt0073692,https://www.imdb.com/title/tt0073692/
409,New York City,31-Oct-27,White,Jewish,1.0,Straight,1976,Best Supporting Actress,http://www.nndb.com/people/409/000032313/,Shampoo,Lee Grant,tt0073692,https://www.imdb.com/title/tt0073692/
410,"Ilford, Essex, England",28-Dec-34,White,Na,1.0,Straight,1979,Best Supporting Actress,http://www.nndb.com/people/260/000030170/,California Suite,Maggie Smith,tt0077289,https://www.imdb.com/title/tt0077289/
411,"Newport, Ar",8-Feb-53,White,Na,1.0,Straight,1981,Best Supporting Actress,http://www.nndb.com/people/271/000025196/,Melvin and Howard,Mary Steenburgen,tt0081150,https://www.imdb.com/title/tt0081150/
412,"Troy, Ny",21-Jun-25,White,Roman Catholic,1.0,Straight,1982,Best Supporting Actress,http://www.nndb.com/people/376/000032280/,Reds,Maureen Stapleton,tt0082979,https://www.imdb.com/title/tt0082979/
413,"Cloquet, Mn",20-Apr-49,White,Na,1.0,Straight,1983,Best Supporting Actress,http://www.nndb.com/people/004/000022935/,Tootsie,Jessica Lange,tt0084805,https://www.imdb.com/title/tt0084805/
414,"Morristown, Nj",2-Apr-45,White,Na,1.0,Na,1984,Best Supporting Actress,http://www.nndb.com/people/671/000024599/,The Year of Living Dangerously,Linda Hunt,tt0086617,https://www.imdb.com/title/tt0086617/
415,"Croydon, Surrey, England",22-Dec-07,White,Agnostic,1.0,Straight,1985,Best Supporting Actress,http://www.nndb.com/people/816/000063627/,A Passage to India,Peggy Ashcroft,tt0087892,https://www.imdb.com/title/tt0087892/
416,"Santa Monica, Ca",8-Jul-51,White,Na,1.0,Straight,1986,Best Supporting Actress,http://www.nndb.com/people/128/000025053/,Prizzi's Honor,Anjelica Huston,tt0089841,https://www.imdb.com/title/tt0089841/
417,"Wareham, Ma",21-Jan-56,White,Congregationalist,1.0,Straight,1989,Best Supporting Actress,http://www.nndb.com/people/883/000022817/,The Accidental Tourist,Geena Davis,tt0094606,https://www.imdb.com/title/tt0094606/
418,New York City,13-Nov-55,Black,Atheist,1.0,Straight,1991,Best Supporting Actress,http://www.nndb.com/people/242/000025167/,Ghost,Whoopi Goldberg,tt0099653,https://www.imdb.com/title/tt0099653/
419,"Queens, Ny",28-Feb-48,Hispanic,Roman Catholic,1.0,Straight,1992,Best Supporting Actress,http://www.nndb.com/people/890/000024818/,The Fisher King,Mercedes Ruehl,tt0101889,https://www.imdb.com/title/tt0101889/
420,"Brooklyn, Ny",4-Dec-64,White,Na,1.0,Straight,1993,Best Supporting Actress,http://www.nndb.com/people/985/000025910/,My Cousin Vinny,Marisa Tomei,tt0104952,https://www.imdb.com/title/tt0104952/
421,"Kansas City, Mo",28-Mar-48,White,Na,1.0,Straight,1995,Best Supporting Actress,http://www.nndb.com/people/894/000024822/,Bullets Over Broadway,Dianne Wiest,tt0109348,https://www.imdb.com/title/tt0109348/
422,"Tenafly, Nj",28-Sep-67,White,Atheist,1.0,Straight,1996,Best Supporting Actress,http://www.nndb.com/people/890/000025815/,Mighty Aphrodite,Mira Sorvino,tt0113819,https://www.imdb.com/title/tt0113819/
423,"Athens, Ga",8-Dec-53,White,Na,1.0,Straight,1998,Best Supporting Actress,http://www.nndb.com/people/310/000025235/,L.A. Confidential,Kim Basinger,tt0119488,https://www.imdb.com/title/tt0119488/
424,"Los Angeles, Ca",4-Jun-75,White,Buddhist,1.0,Bisexual,2000,Best Supporting Actress,http://www.nndb.com/people/493/000023424/,"Girl, Interrupted",Angelina Jolie,tt0172493,https://www.imdb.com/title/tt0172493/
425,"Los Angeles, Ca",4-Jun-75,White,Buddhist,1.0,Bisexual,2000,Best Supporting Actress,http://www.nndb.com/people/493/000023424/,"Girl, Interrupted",Angelina Jolie,tt0172493,https://www.imdb.com/title/tt0172493/
426,"La Jolla, Ca",14-Aug-59,White,Na,1.0,Straight,2001,Best Supporting Actress,http://www.nndb.com/people/641/000025566/,Pollock,Marcia Gay Harden,tt0183659,https://www.imdb.com/title/tt0183659/
427,"La Jolla, Ca",14-Aug-59,White,Na,1.0,Straight,2001,Best Supporting Actress,http://www.nndb.com/people/641/000025566/,Pollock,Marcia Gay Harden,tt0183659,https://www.imdb.com/title/tt0183659/
428,"Mumbles, Wales",25-Sep-69,White,Roman Catholic,1.0,Straight,2003,Best Supporting Actress,http://www.nndb.com/people/516/000023447/,Chicago,Catherine Zeta-Jones,tt0299658,https://www.imdb.com/title/tt0299658/
429,"Katy, Tx",25-Apr-69,White,Na,1.0,Straight,2004,Best Supporting Actress,http://www.nndb.com/people/708/000024636/,Cold Mountain,RenÌ©e Zellweger,tt0159365,https://www.imdb.com/title/tt0159365/
430,"Melbourne, Victoria, Australia",14-May-69,White,Na,1.0,Straight,2005,Best Supporting Actress,http://www.nndb.com/people/222/000026144/,The Aviator,Cate Blanchett,tt0338751,https://www.imdb.com/title/tt0338751/
431,"London, England",7-Mar-71,White,Jewish,1.0,Straight,2006,Best Supporting Actress,http://www.nndb.com/people/309/000032213/,The Constant Gardener,Rachel Weisz,tt0387131,https://www.imdb.com/title/tt0387131/
432,"London, England",7-Mar-71,White,Jewish,1.0,Straight,2006,Best Supporting Actress,http://www.nndb.com/people/309/000032213/,The Constant Gardener,Rachel Weisz,tt0387131,https://www.imdb.com/title/tt0387131/
433,"Chicago, Il",12-Sep-81,Black,Baptist,1.0,Straight,2007,Best Supporting Actress,http://www.nndb.com/people/434/000129047/,Dreamgirls,Jennifer Hudson,tt0443489,https://www.imdb.com/title/tt0443489/
434,"London, England",5-Nov-60,White,Na,1.0,Straight,2007,Best Supporting Actress,http://www.nndb.com/people/178/000108851/,Michael Clayton,Tilda Swinton,tt0465538,https://www.imdb.com/title/tt0465538/
435,"Madrid, Spain",28-Apr-74,Hispanic,Buddhist,1.0,Straight,2009,Best Supporting Actress,http://www.nndb.com/people/748/000025673/,Vicky Cristina Barcelona,Penelope Cruz,tt0497465,https://www.imdb.com/title/tt0497465/
436,"Woodlawn, Md",11-Dec-67,Black,Na,1.0,Straight,2010,Best Supporting Actress,http://www.nndb.com/people/836/000131443/,Precious,Mo'Nique,tt0929632,https://www.imdb.com/title/tt0929632/
437,"Woodlawn, Md",11-Dec-67,Black,Na,1.0,Straight,2010,Best Supporting Actress,http://www.nndb.com/people/836/000131443/,Precious,Mo'Nique,tt0929632,https://www.imdb.com/title/tt0929632/
438,"Montgomery, Al",25-May-72,Black,Na,1.0,Na,2012,Best Supporting Actress,http://www.nndb.com/people/304/000281458/,The Help,Octavia Spencer,tt1454029,https://www.imdb.com/title/tt1454029/
439,"Brooklyn, Ny",12-Nov-82,White,Christian,1.0,Straight,2013,Best Supporting Actress,http://www.nndb.com/people/220/000032124/,Les MisÌ©rables,Anne Hathaway,tt1707386,https://www.imdb.com/title/tt1707386/
440,"Mexico City, Mexico",1-Mar-83,Black,Na,1.0,Na,2014,Best Supporting Actress,http://www.nndb.com/people/570/000380427/,12 Years a Slave,Lupita Nyong'o,tt2024544,https://www.imdb.com/title/tt2024544/
